,Player,Team,Age,GP,W,L,Min,PTS,FGM,FGA,FG%,3PM,3PA,3P%,FTM,FTA,FT%,OREB,DREB,REB,AST,TOV,STL,BLK,PF,FP,DD2,TD3,+/-
1,Shai Gilgeous-Alexander,OKC,26,44,37,7,34.4,32.1,11.3,21.4,52.8,2,5.7,35.1,7.5,8.3,90.6,0.9,4.4,5.3,6,2.7,2.1,1.1,2.2,54.2,4,0,12.4
2,Giannis Antetokounmpo,MIL,30,39,23,16,34.9,31.7,12.7,20.8,60.8,0.1,0.7,14.3,6.3,10.8,58.3,2.2,9.9,12.2,5.8,3.5,0.7,1.3,2.4,57.8,35,5,4.1
3,Nikola Jokić,DEN,29,41,26,15,36.3,29.7,11.3,20,56.7,2,4.3,47.2,5,6.1,81.3,3.2,9.7,12.9,10.1,3.1,1.8,0.7,2,64.6,34,21,9
4,LaMelo Ball,CHA,23,31,11,20,33.3,28.2,9.7,23.3,41.9,4.1,12.3,33.7,4.5,5.5,82,1,4.3,5.3,7.3,3.7,1.4,0.3,3.5,46.8,8,0,-1.8
5,Luka Dončić,DAL,25,22,13,9,35.7,28.1,9.8,21.2,46.4,3.4,9.6,35.4,5.1,6.6,76.7,0.7,7.6,8.3,7.8,3.4,2,0.4,2.6,53.7,10,3,7.6
6,Kevin Durant,PHX,36,36,23,13,36.2,27.3,9.9,18.8,52.7,2.3,5.8,40.2,5.2,6.2,83,0.4,5.8,6.3,4.2,3.1,0.8,1.4,1.7,44.6,3,0,0.3
7,Tyrese Maxey,PHI,24,39,18,21,37.9,27.1,9.4,21.5,43.8,3.2,9.6,33.7,5,5.8,87.1,0.3,3.2,3.5,6,2.4,1.9,0.4,2.2,44.9,7,1,-0.6
8,Jayson Tatum,BOS,26,45,31,14,36.3,26.7,8.9,19.8,45.1,3.5,10.1,35,5.3,6.6,80.3,0.6,8.4,9,5.4,2.8,1.2,0.5,2.2,48,20,1,7.8
9,Anthony Edwards,MIN,23,47,26,21,36.7,26.4,9,20.3,44.4,4.1,9.8,41.8,4.3,5.2,82.9,0.7,4.9,5.7,4.4,3.4,1.2,0.6,1.9,41.8,2,0,3
10,Jalen Brunson,NYK,28,47,31,16,35.2,25.9,8.9,18.2,49.1,2.4,5.9,40.5,5.6,6.9,81.7,0.4,2.5,2.9,7.5,2.3,0.9,0.1,2.2,41.3,10,0,4.5
11,Anthony Davis,LAL,31,42,24,18,34.3,25.7,9.5,18,52.8,0.7,2.2,29.8,6,7.6,78.8,2.8,9,11.9,3.4,2.2,1.3,2.1,2,53.1,32,0,0.5
12,Devin Booker,PHX,28,41,23,18,37,25.5,8.4,18.9,44.4,2.7,7.8,34.1,6.1,6.8,89.3,1,3,4,6.7,2.6,1.2,0.3,2.3,42.2,6,0,-0.3
13,Damian Lillard,MIL,34,38,22,16,36.4,25.3,7.8,17.3,45.2,3.4,8.9,38.2,6.2,6.8,92.2,0.5,4.1,4.7,7.3,2.9,1.2,0.2,1.8,43.3,9,2,1.5
14,De'Aaron Fox,SAC,27,44,21,23,37.1,25.1,9.2,19.7,46.8,2,6.3,32.1,4.6,5.6,82.9,1,4,5,6.2,3,1.5,0.5,2.7,43.2,7,0,1
15,Cade Cunningham,DET,23,43,22,21,35.6,25,9.4,20.7,45.4,2.3,6.3,36,3.9,4.7,82.7,0.9,5.5,6.4,9.3,4.6,0.9,0.8,2.8,47.2,20,7,0.1
16,Cam Thomas,BKN,23,19,8,11,32.3,24.7,7.9,17.7,44.8,2.8,7.6,37.5,5.9,6.8,87.6,0.5,3.1,3.6,3.4,2.7,0.7,0.1,1.9,33.7,0,0,-2.7
17,Franz Wagner,ORL,23,28,17,11,33,24.7,8.9,19.3,46.2,2,6.4,31.7,4.9,5.6,87.2,0.9,4.7,5.6,5.4,2.5,1.5,0.5,2.3,43,2,0,4.4
18,Karl-Anthony Towns,NYK,29,43,30,13,34.5,24.6,8.9,16.5,54,2,4.7,42.4,4.9,5.8,83.9,3.1,10.7,13.7,3.4,2.5,1,0.8,3.4,49.1,38,0,7.3
19,Victor Wembanyama,SAS,21,39,18,21,33.2,24.4,9,18.8,47.7,3.2,9,35.5,3.3,3.9,84.2,1.7,9.1,10.8,3.7,3.5,1.1,3.9,2.2,54.7,22,1,2.9
20,Joel Embiid,PHI,30,13,7,6,29.4,24.4,7.6,16.8,45.2,1.2,3.8,32.7,7.9,8.6,92,1.7,6.2,7.9,3.8,3.2,0.8,1,2.2,42,4,0,0.5
21,Kyrie Irving,DAL,32,38,23,15,35.9,24.2,8.9,18.4,48.2,2.9,7,41.9,3.4,3.8,89.7,1.1,3.5,4.6,4.9,2.3,1.2,0.3,2.1,39.5,0,0,4.2
22,Tyler Herro,MIA,25,45,23,22,35.5,24.1,8.4,17.7,47.4,3.9,9.7,40,3.4,4,86.6,0.4,5.2,5.6,5.4,2.4,0.7,0.1,1.4,38.9,7,0,0
23,Norman Powell,LAC,31,39,23,16,33.2,24,8.3,16.8,49.4,3.4,7.9,43.5,3.9,4.7,84.6,0.4,3.3,3.6,2.2,2.1,1.4,0.2,1.9,34.1,1,0,4.7
24,Zach LaVine,CHI,29,42,18,24,34.1,24,8.6,16.9,51.1,3.2,7.3,44.6,3.5,4.3,79.7,0.3,4.5,4.8,4.5,2.9,0.9,0.2,1.5,37.1,3,0,0.2
25,Donovan Mitchell,CLE,28,45,36,9,31.4,23.9,8.4,18.7,44.9,3.7,9.3,39.8,3.4,4.1,83.3,0.7,3.6,4.3,4.6,1.9,1.4,0.2,2,39.2,2,0,7.8
26,Paolo Banchero,ORL,22,14,5,9,33.5,23.9,8.1,18.4,43.8,1.9,5.6,34.6,5.9,9.1,64.6,1.4,6.5,7.9,4.9,3.4,0.6,0.8,2.2,41.4,3,0,-1.6
27,LeBron James,LAL,40,42,24,18,34.8,23.8,9.2,18,51.3,2.1,5.5,38.1,3.3,4.3,76.7,0.9,6.7,7.6,9,3.9,0.9,0.5,1.3,46.7,21,9,-2.9
28,Zion Williamson,NOP,24,13,4,9,28.5,23.6,9,17.3,52,0.2,0.8,18.2,5.5,8.5,64.5,3.2,5,8.2,5,3.3,1.2,1.2,2.9,44.7,5,0,-1.1
29,Jaylen Brown,BOS,28,41,28,13,35.5,23.2,8.6,18.9,45.3,2,6.2,31.8,4.1,5.6,73.9,1.4,4.5,6,4.8,2.6,1.2,0.3,2.5,39.6,4,0,6
30,Jaren Jackson Jr.,MEM,25,45,30,15,29.5,22.8,8.3,16.7,49.9,1.8,5.2,35.5,4.3,5.5,78.2,1.5,4.7,6.2,2.1,2.2,1.4,1.6,3.3,40.2,4,0,6.8
31,Trae Young,ATL,26,43,20,23,36,22.7,7,17.3,40.2,2.9,8.4,34.2,5.9,6.9,85.6,0.5,2.8,3.3,11.4,4.7,1.3,0.2,2,43.7,27,0,-0.1
32,Stephen Curry,GSW,36,37,17,20,31.7,22.3,7.5,17,44.3,4.3,10.6,40.3,3,3.2,93.3,0.5,4.2,4.8,6.4,3,1.1,0.5,1.2,39.3,6,0,2.8
33,Brandon Ingram,NOP,27,18,5,13,33.1,22.2,8.6,18.5,46.5,2.4,6.4,37.4,2.6,3.1,85.5,0.9,4.6,5.6,5.2,3.8,0.9,0.6,2.5,37.3,0,0,-7.1
34,CJ McCollum,NOP,33,35,10,25,33.5,22,8.3,18.4,44.9,3.1,8.3,37.2,2.4,3.4,70.6,0.7,2.9,3.7,3.9,1.7,0.8,0.5,2.3,34.6,0,0,-4.6
35,Darius Garland,CLE,25,45,36,9,30.4,21.7,7.8,15.6,49.9,3,7,42.5,3.2,3.6,88.3,0.6,2,2.5,6.8,2.4,1.1,0.2,2,36.4,4,0,6.2
36,James Harden,LAC,35,44,27,17,33.8,21.7,6.3,15.9,39.9,2.9,8.2,35.2,6.1,6.9,88.8,0.6,5.3,5.8,8.4,4.6,1.5,0.6,2.1,42.9,20,2,2.9
37,RJ Barrett,TOR,24,39,13,26,33.3,21.7,8.1,17.2,47.1,1.8,5.3,35.1,3.6,5.5,66.4,1,5.6,6.6,5.7,3.1,0.8,0.3,2.5,38.4,9,2,-2.5
38,DeMar DeRozan,SAC,35,42,22,20,35.9,21.6,8,16.6,48.5,0.9,2.7,32.7,4.6,5.4,86.2,0.6,3.2,3.8,3.6,1.4,1.2,0.4,2,35,0,0,2.8
39,Trey Murphy III,NOP,24,32,8,24,35.3,21.5,7.2,15.8,45.6,3,8.5,35.7,4,4.5,89,0.9,4.2,5.1,3,1.6,1.2,0.8,2.3,36.6,1,0,-6.4
40,Jalen Green,HOU,22,46,32,14,32.8,21.3,7.4,17.3,43,2.8,8,35.3,3.6,4.1,87.2,0.5,3.8,4.3,2.8,2.5,1,0.3,1.8,31.9,1,0,2.2
41,Brandon Miller,CHA,22,27,8,19,34.2,21,7.3,18.2,40.3,3.9,10.9,35.5,2.5,2.9,86.1,0.9,3.9,4.9,3.6,2.8,1.1,0.7,2.7,34.9,2,0,-4.6
42,Jalen Williams,OKC,23,44,36,8,32.8,21,8.1,17,47.5,1.7,5,34.7,3.2,4,79,0.8,4.8,5.5,5.2,2.3,1.8,0.8,2.5,40.9,3,0,6.7
43,Domantas Sabonis,SAC,28,44,23,21,36.3,20.9,8.2,13.5,61,1.2,2.4,48.1,3.3,4.3,77.1,4,10.6,14.5,6.6,3.1,0.6,0.4,3.5,48.3,42,8,4.3
44,Jordan Poole,WAS,25,39,6,33,31.1,20.7,6.7,16.1,41.9,3.6,9.2,39.5,3.7,4.3,86.7,0.5,2.5,3,4.9,3.4,1.6,0.5,3.2,34.4,1,0,-10.2
45,Pascal Siakam,IND,30,46,26,20,33.1,20.5,8,15,53.2,1.8,4.3,41.8,2.8,3.8,74.3,1.8,5.6,7.3,3.5,1.3,0.9,0.4,2.6,37.1,7,0,3.2
46,Ja Morant,MEM,25,28,19,9,28.4,20.3,7,15.6,44.5,1.5,4.8,30.6,4.9,6.1,81.2,0.6,3.5,4.2,7.5,3.9,1.3,0.3,1.8,37.4,9,1,6.5
47,Scottie Barnes,TOR,23,34,13,21,34.7,20.3,7.7,16.8,45.9,1.4,5.1,27.2,3.5,4.6,76.1,1.7,6.4,8.1,6.5,3.2,1.5,0.9,2.2,44,15,1,-2.5
48,Jamal Murray,DEN,27,41,23,18,36,20.1,7.5,16.4,45.7,2.1,5.7,37.3,3,3.5,86.2,0.6,3.5,4,6,2.3,1.5,0.6,1.8,37.9,4,0,3.5
49,Nikola Vučević,CHI,34,47,19,28,32.2,19.8,8.1,14.9,54.6,1.8,4.7,39.3,1.7,2.1,82,2.4,7.9,10.3,3.4,1.6,0.9,0.7,2.4,40.6,30,0,-1.9
50,Lauri Markkanen,UTA,27,34,6,28,31.8,19.7,6.4,14.9,42.6,3,8.5,34.8,4,4.6,87.3,1.7,4.4,6.1,1.8,1.4,0.8,0.3,1.7,31.7,3,0,-4.7
51,Kristaps Porziņģis,BOS,29,23,13,10,28.2,19.4,6.5,13.4,48.4,2.6,6.1,42.1,3.9,4.6,85.7,1.7,5.4,7.2,1.9,1,0.7,1.3,2.6,36,4,0,2.3
52,Cameron Johnson,BKN,28,35,14,21,32.3,19.4,6.5,13.1,49.1,3.2,7.6,41.9,3.3,3.7,89.8,0.7,3.3,4.1,2.9,1.7,0.8,0.5,1.8,30.8,1,0,-3.1
53,Alperen Sengun,HOU,22,46,32,14,31.3,19.1,7.6,15.5,49.1,0.3,1.4,22.7,3.6,5.1,70.8,3.4,7,10.4,5,2.4,1.3,0.8,2.8,43,28,3,5.3
54,Julius Randle,MIN,30,47,26,21,33,19.1,6.7,14.2,47,1.5,4.7,32.4,4.3,5.3,81.1,2.2,5.1,7.3,4.5,2.9,0.7,0.2,2.6,34.7,9,0,2.3
55,De'Andre Hunter,ATL,27,33,17,16,28.3,19.1,6.2,13.5,46.1,2.6,6.6,39.4,4.1,4.8,85.4,0.6,3.1,3.7,1.5,1.5,0.8,0.1,2.4,27,0,0,-0.8
56,Miles Bridges,CHA,26,30,9,21,31.7,19,6.8,15.7,43.5,2.1,6.8,30.4,3.3,3.8,87.6,0.9,6.6,7.5,3.6,2.1,0.7,0.6,1.6,35.5,5,0,-3
57,Jalen Johnson,ATL,23,36,18,18,35.7,18.9,7.5,15.1,50,1.2,3.9,31.2,2.6,3.5,74.6,1.7,8.3,10,5,2.9,1.6,1,1.9,43.1,20,1,1.5
58,Collin Sexton,UTA,26,43,10,33,29.1,18.6,6.7,13.9,47.9,2,4.7,41.4,3.4,3.8,89,1.1,1.8,2.9,4.1,2.5,0.7,0.1,2.2,28.1,1,0,-2.6
59,Anfernee Simons,POR,25,43,15,28,32.3,18.5,6.6,15.4,42.6,3,8.1,37.2,2.4,2.7,90.4,0.3,2.5,2.8,4.8,2.1,0.8,0.1,1.8,29.6,1,0,-4.7
60,Tyrese Haliburton,IND,24,45,26,19,34.2,18.3,6.3,13.9,45.4,2.9,8,36.7,2.7,3.2,84.7,0.6,3,3.6,8.6,1.8,1.2,0.6,1.3,39.3,15,0,1.9
61,Austin Reaves,LAL,26,40,24,16,35,18.2,6.1,13.7,44.6,2.5,7,36.1,3.5,4.2,83.8,0.8,3.4,4.2,6.1,2.4,1.1,0.2,2,33.8,6,1,1.3
62,Evan Mobley,CLE,23,41,34,7,30.1,18.2,7,12.3,57,1.1,2.8,39.8,3.1,4.1,75.4,2.1,6.9,9.1,2.8,2,0.9,1.4,2,38.4,20,0,8.1
63,Mikal Bridges,NYK,28,48,32,16,38.4,18.2,7.4,15.1,49.3,2.4,6.8,36.1,0.9,1.2,75,0.9,2.3,3.1,3.3,1.6,1,0.5,1.5,29.7,0,0,5.9
64,Coby White,CHI,24,41,16,25,32.6,18.2,6.2,14.3,43.6,3,8.2,36.2,2.8,3.1,87.6,0.3,3,3.4,4.6,2.4,1,0.2,2.3,30.3,1,0,-3.3
65,John Collins,UTA,27,28,8,20,29.8,18.1,6.6,12.5,53.1,1.5,3.3,44.6,3.3,3.8,86.9,2.4,6,8.4,2.5,2.6,1.1,0.9,2.9,35.2,9,0,-0.7
66,Malik Monk,SAC,26,39,22,17,31.9,18,6.5,14.5,44.8,2.3,7,33.3,2.6,3,87.3,0.3,3.4,3.7,5.8,2,1,0.5,2.6,33.8,3,0,3.6
67,Dejounte Murray,NOP,28,30,9,21,33.5,17.9,6.4,16.3,39.3,1.7,5.8,29.9,3.4,4.1,82.3,0.5,6,6.5,7.6,3.4,2.1,0.4,2,41.2,8,1,-6.9
68,Michael Porter Jr.,DEN,26,47,28,19,33.1,17.9,6.8,13.3,51,2.6,6.3,40.7,1.8,2.5,72.9,1.6,4.8,6.3,2.2,1.3,0.6,0.4,1.9,30.7,6,0,5
69,Desmond Bane,MEM,26,38,24,14,29.9,17.7,6.7,13.4,49.7,2.2,5.8,38.8,2.1,2.4,86,0.8,4.6,5.4,5.5,2.5,1.3,0.4,2.4,35,5,0,5.2
70,Jaden Ivey,DET,22,30,14,16,29.9,17.6,6.3,13.8,46,2.1,5.1,40.9,2.8,3.9,73.3,1.3,2.8,4.1,4,3,0.9,0.4,2.2,29.4,0,0,-2.1
71,Shaedon Sharpe,POR,21,39,15,24,31,17.3,6.5,14.6,44.3,1.9,6.1,31.4,2.5,3.1,79.5,0.7,3.3,4,2.5,1.9,0.8,0.3,1.9,27.1,0,0,-5.3
72,Andrew Wiggins,GSW,29,40,19,21,29.8,17.2,6,13.4,44.3,2.2,5.8,37.8,3.1,3.9,78.8,1.5,3.1,4.6,2.3,1.3,0.9,0.8,1.7,29.9,3,0,-1.5
73,Paul George,PHI,34,30,14,16,32,17.1,6.3,14.6,42.9,2.4,6.7,36.5,2.2,2.6,82.3,0.7,5,5.6,4.7,2.7,1.7,0.4,2.5,34.4,3,0,-0.8
74,Jimmy Butler,MIA,35,25,13,12,30.6,17,5.7,10.5,54,0.5,1.4,36.1,5.2,6.4,80.1,2.2,3,5.2,4.8,1.2,1.1,0.4,0.9,33.8,2,1,2.3
75,Bradley Beal,PHX,31,33,16,17,32.6,16.9,6.5,13.4,48.5,2,5.2,39,1.8,2.4,77.2,0.7,2.8,3.5,3.4,1.9,1.1,0.7,2.6,29.6,0,0,-4.4
76,Jonathan Kuminga,GSW,22,32,18,14,26,16.8,6.1,13.2,45.9,1.3,3.6,34.5,3.4,5.3,63.9,1.4,3.6,5,2.2,1.6,0.9,0.6,1.9,28.8,2,0,0.5
77,OG Anunoby,NYK,27,48,32,16,36.7,16.4,6.2,12.9,47.9,2.1,5.8,36,2,2.5,79.2,1.3,3.5,4.8,2,1.3,1.4,0.9,2.4,30.8,1,0,6.4
78,Bennedict Mathurin,IND,22,44,24,20,32.1,16.4,5.8,12.4,47.1,1.5,4.3,36.4,3.2,3.9,82.1,1.3,4.7,5.9,1.9,2.1,0.7,0.4,2.6,27.3,7,0,2
79,Chet Holmgren,OKC,22,10,8,2,26.5,16.4,5.6,11.1,50.5,1.4,3.7,37.8,3.8,4.9,77.6,1.6,7.1,8.7,2,2.3,0.8,2.6,1.8,37.7,4,0,9.1
80,Malik Beasley,DET,28,47,23,24,28,16.4,5.7,13.2,43.1,3.8,9.2,40.9,1.2,1.7,68.3,0.5,2.4,2.9,1.8,1.1,0.9,0,1.4,24.3,1,0,1.1
81,Devin Vassell,SAS,24,29,12,17,29.9,16.3,6.1,13.8,44.1,2.4,6.3,37.9,1.8,2.4,75.4,0.7,3,3.7,3.1,1.7,1.2,0.6,1.6,29,0,0,-6.3
82,Immanuel Quickley,TOR,25,9,1,8,28.5,16.2,5.3,14.1,37.8,2.2,6.4,34.5,3.3,3.6,93.8,0.1,2.1,2.2,6.1,1.8,0.7,0.1,1.8,28.6,2,0,-6.8
83,Jalen Suggs,ORL,23,35,20,15,28.6,16.2,5.6,13.7,41,2.2,6.9,31.4,2.8,3.1,88.2,0.7,3.4,4,3.7,2.9,1.5,0.9,2.8,30.8,0,0,0.1
84,Kawhi Leonard,LAC,33,9,7,2,23.8,16.1,6.7,13.4,49.6,1.3,4.2,31.6,1.4,1.7,86.7,0.7,3.1,3.8,2.4,1.3,1,0.2,0.8,26.6,0,0,11.3
85,Keyonte George,UTA,21,35,6,29,31.6,16.1,5.3,13.8,38.2,2.6,7.8,33.5,2.9,3.6,80.3,0.5,3.1,3.5,5.8,2.9,0.8,0.2,1.9,29,2,0,-6.7
86,Derrick White,BOS,30,45,32,13,33.7,16.1,5.5,12.7,43.5,3.3,8.9,37.1,1.8,2.1,84,1,3.3,4.3,4.1,1.6,0.9,1.2,2,32,1,0,6.9
87,Bam Adebayo,MIA,27,45,23,22,33.8,15.9,6.1,13.2,46.1,0.7,2.4,28.2,3,4.1,73,2.4,7.5,9.9,4.5,2.2,1.3,0.8,2.2,38.7,25,1,0
88,Jordan Clarkson,UTA,32,23,6,17,25.4,15.9,5.3,13,41,2,5.6,34.9,3.2,4,80.4,0.7,2.7,3.3,3.9,2.4,0.8,0.3,1.6,26.6,0,0,-6.1
89,Gradey Dick,TOR,21,40,11,29,29.8,15.7,5.4,13,41.5,2.3,6.5,34.6,2.7,3.1,88.5,0.7,2.6,3.3,2.1,1.6,0.8,0.2,2.4,24.1,0,0,-2.7
90,Myles Turner,IND,28,43,24,19,31.1,15.6,5.5,11.5,48,2.1,5.2,40,2.4,3.2,75.4,1.3,5.5,6.8,1.5,2,0.8,1.9,2.8,32.4,8,0,1.4
91,Mark Williams,CHA,23,20,4,16,24.3,15.5,6.2,10.1,60.9,0,0.1,0,3.2,4.2,75,3.3,6.1,9.4,2.5,1.1,0.7,1.2,2.7,34.9,6,0,-4.5
92,Jared McCain,PHI,20,23,7,16,25.7,15.3,5.5,11.9,46,2.2,5.8,38.3,2.1,2.4,87.5,0.6,1.9,2.4,2.6,1.6,0.7,0,1.6,22.5,1,0,-1.2
93,Ivica Zubac,LAC,27,45,27,18,31.8,15.2,6.8,11.1,61,0,0,0,1.7,2.8,58.6,3.9,8.9,12.8,2.6,1.8,0.7,1.2,2,38.3,29,0,5
94,Fred VanVleet,HOU,30,43,30,13,35.9,14.9,5.2,13.3,38.9,2.7,7.8,34.7,1.9,2.3,81.8,0.7,3.3,4,5.9,1.6,1.7,0.4,2.5,33.3,4,0,5.2
95,Deni Avdija,POR,24,44,18,26,29,14.9,5,10.7,46.9,1.5,4.4,34.7,3.4,4.4,76.8,1.3,5.3,6.6,3.4,2.5,1.1,0.6,2.2,30.5,7,0,-3.3
96,Dennis Schröder,GSW,31,44,18,26,30.3,14.9,5.3,12.6,41.9,2,5.8,35.6,2.3,2.6,87.1,0.3,2.3,2.5,5.5,2.3,1,0.1,2.6,27.3,4,0,-2.6
97,Jakob Poeltl,TOR,29,42,15,27,31.2,14.6,6.4,10.4,61.6,0,0,0,1.8,2.7,64.9,3.5,6.8,10.3,2.8,2,1.2,1.2,3.4,36.6,18,0,-2.1
98,Jerami Grant,POR,30,36,15,21,31.9,14.5,4.6,12.2,38.1,2.3,6.1,38.2,2.9,3.4,83.9,0.5,2.8,3.4,2.2,1.4,0.8,1,2.3,25.8,0,0,-5.3
99,Kyle Kuzma,WAS,29,29,2,27,27.7,14.5,5.8,13.7,42.2,1.2,4.4,27.1,1.8,3,59.3,0.9,5,5.9,2.6,2.4,0.7,0.2,1.7,25.7,3,0,-12.9
100,Christian Braun,DEN,23,46,27,19,32.4,14.3,5.5,9.7,57.4,1,2.5,37.9,2.2,2.7,82.9,1.3,3.4,4.7,2,1,1,0.6,2.2,26.6,1,0,4.6
101,P.J. Washington,DAL,26,41,25,16,32.9,14.2,5.1,11.7,43.8,1.6,4.2,37,2.4,3.3,74.6,1.6,6.7,8.2,2.4,1.9,1.2,1,2.4,32.3,12,0,3.5
102,Tre Mann,CHA,23,13,6,7,24.5,14.1,5.4,12.4,43.5,1.8,4.6,40,1.5,1.6,90.5,0.9,2,2.9,3,1.9,0.5,0.3,1.8,22.7,0,0,-4.2
103,Kelly Oubre Jr.,PHI,29,43,18,25,33.8,14.1,5.4,11.7,45.9,1.2,4.2,28.2,2.1,2.8,75,1.6,4.6,6.2,1.8,1.3,1.5,0.5,2.9,28.8,7,0,-2.8
104,Payton Pritchard,BOS,27,48,33,15,27.8,14,4.9,10.5,46.8,3.2,7.7,41.7,1,1.2,84.7,1.4,2.3,3.6,3.5,1,0.9,0.2,1.6,25.7,3,0,5.8
105,Deandre Ayton,POR,26,33,12,21,30.1,14,6.6,11.7,56.4,0.2,0.9,19.4,0.7,1.1,62.2,3,7.3,10.3,1.5,1.7,0.8,1,2.1,32.1,19,0,-6
106,Josh Hart,NYK,29,47,31,16,37.5,13.9,5.3,9.6,55.6,1.2,3.3,35.3,2.1,2.6,81.3,2.2,7.4,9.7,5.7,1.9,1.6,0.4,2.6,37.9,22,6,5
107,Malcolm Brogdon,WAS,32,18,3,15,24.8,13.8,4.8,10.8,44.3,0.8,2.7,31.3,3.4,3.9,88.6,0.9,3.1,4.1,3.9,1.7,0.6,0.3,1.4,25.4,2,0,-7.4
108,Jarrett Allen,CLE,26,47,38,9,29,13.8,5.7,8.1,70.3,0,0,0,2.5,3.4,73,2.6,7.3,10,1.9,1.1,1,0.9,1.5,33.2,26,0,6.4
109,Klay Thompson,DAL,34,41,21,20,27.4,13.8,4.9,11.8,41.7,3.1,7.8,39.6,0.9,1,90,0.6,2.8,3.4,2,1.4,0.9,0.4,1.2,23.2,0,0,3.8
110,Naz Reid,MIN,25,46,25,21,25.3,13.6,5,10.4,48.4,2.1,5.1,41.2,1.5,1.8,78.8,0.9,4.2,5.1,1.7,1.2,0.8,0.8,2.4,25.9,2,0,1.3
111,Amen Thompson,HOU,22,43,30,13,30.6,13.6,5.2,9.3,56,0.3,1.3,25,2.9,4,70.7,2.7,5.3,8.1,2.7,2,1.4,1.1,2.3,33,13,1,3.4
112,Dyson Daniels,ATL,21,42,20,22,33.7,13.5,5.7,12.3,46.6,1.1,3.7,30.8,0.9,1.5,58.7,1.8,3.5,5.3,3.7,1.9,3.1,0.8,2.5,35.1,3,0,-3.2
113,Bobby Portis,MIL,29,41,24,17,24.7,13.4,5.5,11.7,46.6,1.3,3.5,36.4,1.2,1.5,81.7,1.7,6.2,7.9,2,1.2,0.7,0.5,1.8,28.2,6,0,0.5
114,Dillon Brooks,HOU,29,43,30,13,32.2,13.3,4.8,11.7,41.5,2.3,6.1,38.4,1.3,1.5,84.6,1.2,2.5,3.7,1.5,1,0.8,0.2,3.4,22.2,0,0,4
115,Russell Westbrook,DEN,36,47,28,19,27.7,13.2,5,10.4,47.6,1.2,3.5,33.3,2.1,3.3,64.1,1.4,3.8,5.2,6.4,3,1.5,0.5,2.5,32,9,3,1.3
116,D'Angelo Russell,BKN,28,39,19,20,25.9,13,4.4,10.8,41.2,2,5.8,33.9,2.2,2.4,89.5,0.3,2.6,2.9,5.4,1.8,1,0.3,1.9,26.7,3,0,1
117,Aaron Gordon,DEN,29,26,16,10,26.3,12.9,4.5,8.6,52.7,1.2,2.8,42.5,2.6,3.3,79.1,1.6,3.4,5,2.6,1.4,0.5,0.2,1.5,23.5,2,0,4.9
118,Moritz Wagner,ORL,27,30,18,12,18.8,12.9,4.7,8.3,56.2,0.9,2.5,36,2.6,3.7,71.8,1.3,3.6,4.9,1.4,1.6,0.8,0.4,1.8,22.9,1,0,-0.6
119,Tobias Harris,DET,32,45,22,23,32,12.7,4.8,11,44,1.3,4,33.5,1.8,2,86.8,0.9,5.2,6.2,2.4,1.2,0.8,0.8,2,27.4,4,0,1.1
120,Santi Aldama,MEM,24,39,26,13,24.8,12.7,5,10.1,49.4,1.7,4.5,36.7,1.1,1.5,70.7,1.6,5.3,6.8,2.6,1.2,0.8,0.5,0.9,27.7,9,0,5.5
121,Daniel Gafford,DAL,26,46,24,22,21.3,12.7,5.1,7.3,70.4,0,0,0,2.4,3.4,70.9,2.7,4,6.7,1.3,1.2,0.4,1.8,2.7,28.1,7,0,0.5
122,Jeremy Sochan,SAS,21,25,10,15,27.8,12.6,5,9.5,53.2,0.5,1.6,29.3,2.1,2.9,71.2,2.6,5,7.6,2.6,1.8,1,0.6,2.3,28.4,6,0,-0.7
123,Ayo Dosunmu,CHI,25,37,14,23,30.4,12.4,4.8,9.9,48.5,1.4,4.1,34,1.4,1.8,78.5,0.6,3.1,3.7,4.5,1.3,0.8,0.4,2.2,25.9,1,1,-4.6
124,Bilal Coulibaly,WAS,20,42,6,36,33.1,12.3,4.4,10.6,41.7,1,3.9,26.5,2.5,3.2,76.5,1.4,3.6,5,3.4,2.1,1.3,0.8,2.5,27.5,1,0,-12.7
125,Scoot Henderson,POR,20,40,16,24,26.6,12.3,4.2,9.8,43.1,1.4,3.9,35.7,2.5,3.3,76.3,0.7,2.3,3,5.2,2.7,1.1,0.3,2.7,25.1,2,0,-4.5
126,Rui Hachimura,LAL,26,38,21,17,31.8,12.2,4.6,9.4,49.2,1.5,3.6,40.9,1.4,1.9,77.5,1.6,3.6,5.2,1.5,0.9,0.9,0.5,1.8,23.8,1,0,0.2
127,Brook Lopez,MIL,36,45,26,19,32.3,12.2,4.6,9.6,47.9,1.9,5.1,36.8,1.1,1.4,79.4,1.1,3.7,4.8,1.7,1,0.8,2,2.1,27.7,1,0,2.1
128,Terry Rozier,MIA,30,42,19,23,28.4,12.1,4.5,10.9,41,1.5,5.1,29,1.7,1.9,88.9,0.8,3.4,4.1,2.9,1.5,0.6,0.3,1.4,22.6,0,0,-1.5
129,Daeqwon Plowden,ATL,26,2,1,1,16.4,12,4,5,80,3,4,75,1,1,100,1.5,1,2.5,0,0.5,0,0,2.5,14.5,0,0,6
130,Keldon Johnson,SAS,25,41,18,23,23.9,12,4.5,9.8,46,1,3.6,28.9,1.9,2.5,76.2,1.3,3.5,4.8,1.4,0.9,0.6,0.3,1.5,21.7,2,0,-3.8
131,Keegan Murray,SAC,24,44,22,22,35.3,11.9,4.7,10.8,43,1.8,5.7,31.3,0.8,1,82.2,2.2,4.9,7.1,1.4,0.9,0.8,0.9,2.8,26.8,11,0,1.6
132,Jabari Smith Jr.,HOU,21,33,22,11,30.9,11.9,4.1,9.5,43.5,1.7,4.8,35.4,2,2.3,86.7,1.8,4.7,6.5,1,0.9,0.4,1,2.3,24.3,5,0,3.3
133,Stephon Castle,SAS,20,43,19,24,25.5,11.9,4.3,10.7,40.4,1,3.8,26.1,2.3,3.2,72.1,0.8,1.7,2.6,3.5,1.9,0.8,0.3,1.7,21.5,0,0,-1.1
134,Khris Middleton,MIL,33,21,12,9,23.1,11.9,4.4,9.1,48.4,1.3,3.7,36.4,1.7,2,83.3,0.2,3.5,3.8,4.6,1.6,0.8,0.1,2.3,24.4,0,0,3.2
135,Isaiah Hartenstein,OKC,26,25,23,2,29.9,11.8,5,8.8,56.8,0,0.4,0,1.8,2.8,64.8,2.9,9.2,12.2,4.2,2,0.8,1.2,2.9,37,16,0,8.9
136,Buddy Hield,GSW,32,46,23,23,23.4,11.8,4.2,10.3,40.9,2.6,7.1,36.6,0.8,0.9,83.3,0.6,2.7,3.3,1.6,1.2,0.9,0.3,1.8,20.3,0,0,-0.4
137,Harrison Barnes,SAS,32,44,20,24,28.2,11.8,4,7.9,50,1.5,3.7,41.7,2.3,2.9,80.2,1.5,2.5,3.9,1.8,0.6,0.4,0.2,1,20.3,1,0,0.6
138,Jaylen Wells,MEM,21,47,31,16,26.1,11.7,4.1,9.3,43.9,2,5.1,38.8,1.6,1.9,84.1,1.1,2.1,3.2,1.7,1,0.6,0.1,1.9,19.2,1,0,3.5
139,Onyeka Okongwu,ATL,24,40,18,22,24.6,11.6,4.6,8.2,55.3,0.4,1.6,26.6,2.1,2.8,75.7,2.9,4.9,7.7,1.9,1,0.9,0.9,2.4,28,10,0,-1.1
140,Jonas Valančiūnas,WAS,32,46,6,40,19.7,11.6,4.7,8.5,56,0.2,0.5,28,1.9,2.2,89.9,2.4,5.8,8.1,2.2,1.8,0.5,0.6,1.9,25.9,12,0,-6.7
141,Alex Sarr,WAS,19,41,5,36,26.8,11.5,4.3,10.9,39.7,1.4,4.6,30.7,1.4,2.1,64.4,1.8,4.8,6.6,2.2,1.4,0.7,1.6,2.4,28,6,0,-10
142,Josh Giddey,CHI,22,44,19,25,28.5,11.4,4.4,9.9,44.2,1.2,3.7,32.9,1.5,2,74.4,1.6,5.7,7.3,6.7,2.8,1.1,0.5,1.6,32.3,14,2,-2.8
143,Tyus Jones,PHX,28,45,24,21,29.8,11.4,4.3,9,47.5,2.1,4.9,42.1,0.8,0.9,87.2,0.6,2,2.6,6,1.3,0.9,0.1,1.1,25.2,4,0,-1.3
144,Jrue Holiday,BOS,34,41,28,13,30.3,11.3,4.1,9.3,44.4,1.8,5.2,34.9,1.2,1.3,89.1,1.2,3.2,4.4,3.7,1.4,1,0.4,1.5,25,0,0,4
145,Walker Kessler,UTA,23,35,8,27,29.8,11.3,4.9,6.6,73.3,0.1,0.1,50,1.5,2.7,54.7,4.5,6.9,11.4,1.5,1.4,0.5,2.4,2.1,34.7,19,0,-4.7
146,Duncan Robinson,MIA,30,44,21,23,24.5,11.3,4,9.4,42.3,2.6,6.8,37.8,0.7,0.8,88.9,0.3,2.2,2.5,2.7,1.1,0.6,0.1,2,19.3,0,0,1.6
147,Corey Kispert,WAS,25,41,5,36,26.7,11.1,4,9.2,43.8,1.9,5.3,34.7,1.2,1.4,86,0.6,2.4,2.9,1.6,1,0.6,0.2,1.5,18.4,0,0,-5.9
148,Ty Jerome,CLE,27,44,36,8,18.6,11.1,4,7.9,51,1.5,3.5,42.9,1.5,1.8,88.3,0.7,1.6,2.3,3.3,1.2,1.2,0,1.4,21.3,0,0,3.7
149,Tari Eason,HOU,23,30,20,10,22.9,11.1,4.2,9,46.9,1,3.1,32.6,1.7,2.2,74.6,2,4,6.1,1.1,0.8,2,0.8,2.5,27.8,2,0,3.6
150,Jordan Hawkins,NOP,22,31,10,21,23.4,11.1,3.8,10.2,36.9,2,6,33.5,1.6,1.9,83.1,0.4,2.1,2.5,0.9,0.9,0.7,0.4,0.8,17.9,0,0,-4.9
151,Grayson Allen,PHX,29,37,22,15,24.5,11.1,3.5,7.7,45.5,2.5,5.7,43.1,1.6,1.9,83.1,0.6,2.7,3.3,1.8,1.1,0.9,0.3,1.4,20.3,1,0,0.4
152,Donte DiVincenzo,MIN,27,40,21,19,26.4,11,3.7,9.3,39.7,2.6,7,36.9,1,1.3,82,0.6,3.1,3.7,3.6,1.8,1.2,0.2,1.6,23.2,1,0,0.7
153,Julian Champagnie,SAS,23,44,20,24,25.9,10.9,3.7,8.9,41.9,2.4,6.5,36.7,1,1.2,90.2,0.8,3.5,4.3,1.2,1.1,0.7,0.5,1.5,20.3,0,0,0.3
154,Tim Hardaway Jr.,DET,32,43,21,22,28.5,10.9,3.5,8.4,41.8,2.1,5.6,37.8,1.7,2.1,82.2,0.2,2,2.2,1.6,0.7,0.5,0,1.3,16.6,0,0,-2.1
155,Caris LeVert,CLE,30,35,31,4,24.1,10.8,3.7,7.9,47.3,1.7,3.9,42,1.7,2.4,69.9,0.6,2.3,2.9,3.8,1.3,0.9,0.5,1.3,22.9,0,0,6.9
155,Naji Marshall,DAL,27,35,19,16,24.4,10.8,4.3,8.5,50.2,0.9,2.8,31.3,1.3,1.5,87,0.9,2.7,3.5,2.5,1.5,1,0.1,1.4,20.5,1,0,0.7
157,Brandon Boston,NOP,23,40,8,32,23.7,10.7,4,9.1,43.6,1.2,3.3,34.8,1.6,2,80.2,0.7,2.5,3.2,2.3,1.2,1.3,0.2,1.7,21.1,0,0,-3.1
158,Andrew Nembhard,IND,25,30,20,10,28.4,10.6,4,8.6,46.5,0.8,2.4,33.3,1.8,2.5,74.3,0.6,2.9,3.5,5.2,1.7,1.2,0.1,2,24.7,0,0,5.2
159,Jaden McDaniels,MIN,24,47,26,21,31.1,10.6,4.2,9,46.2,1.3,3.8,33.9,1,1.3,78,1.5,3.8,5.2,1.6,1,1.5,0.9,3,25.2,3,0,0.1
160,Chris Boucher,TOR,32,42,15,27,17.4,10.5,3.8,7.5,50.5,1.5,3.9,37.2,1.5,1.9,79.5,1.3,3.1,4.3,0.6,0.6,0.5,0.5,1.4,19.3,2,0,0
161,Zaccharie Risacher,ATL,19,40,20,20,23.7,10.5,4,9.9,40,1.2,4.2,28.3,1.5,2.1,70.7,1.3,2.2,3.6,1.2,1.2,0.8,0.5,2.1,19.3,0,0,-2.5
162,Nikola Jović,MIA,21,37,18,19,24.2,10.5,3.6,8,44.7,1.6,4.3,36.9,1.8,2.1,85.5,0.6,3.3,3.9,2.8,1.2,0.8,0.3,1.6,21.7,0,0,0.1
163,Ochai Agbaji,TOR,24,41,12,29,28.4,10.5,4.2,8.3,50.7,1.6,3.9,40.4,0.5,0.7,66.7,0.9,2.8,3.7,1.7,0.8,0.8,0.5,2,20.7,0,0,-4.3
164,Quentin Grimes,DAL,24,45,25,20,23,10.4,3.6,7.8,46.9,1.8,4.3,40.7,1.4,1.8,77.5,0.6,3.3,3.9,2.2,1.3,0.7,0.2,1.7,19.8,0,0,0.5
165,Grant Williams,CHA,26,16,6,10,29.9,10.4,3.4,7.7,43.9,1.7,4.6,36.5,1.9,2.3,83.8,1.1,4,5.1,2.3,1.8,1.1,0.8,2.9,24.1,0,0,0.6
166,Guerschon Yabusele,PHI,29,44,19,25,26.2,10.4,3.8,7.6,50.2,1.5,3.8,39.3,1.3,1.8,70,1.9,3.6,5.5,2,1.3,0.8,0.4,2.5,22.3,3,0,-0.7
167,Spencer Dinwiddie,DAL,31,46,25,21,25.1,10.3,3.3,8,40.9,1.4,4,34.2,2.5,2.8,86.3,0.2,2.3,2.5,3.7,1.2,0.9,0.2,1.6,21.2,1,0,0.8
168,De'Anthony Melton,BKN,26,6,4,2,20.2,10.3,3.7,9,40.7,2.2,5.8,37.1,0.8,1.3,62.5,1,2.3,3.3,2.8,1.7,1.2,0.3,3,21.4,1,0,4.5
169,Derrick Jones Jr.,LAC,27,45,26,19,24.9,10.3,4.1,8,51.5,1,2.8,37.1,1.1,1.3,80,1.4,2.3,3.6,0.8,0.9,1.3,0.3,2,19.8,0,0,2.8
170,Rudy Gobert,MIN,32,47,26,21,33.1,10.3,4,6.2,64.5,0,0,0,2.3,3.4,68.1,3.2,6.9,10.1,1.7,1.3,0.7,1.5,2.5,30.1,19,0,2.1
171,Herbert Jones,NOP,26,20,5,15,32.4,10.3,3.8,8.6,43.6,1.1,3.6,30.6,1.7,2,82.5,1.1,2.8,3.9,3.3,1.8,1.9,0.5,3.3,25,0,0,-1
172,Jalen Duren,DET,21,44,22,22,25.5,10.2,4.3,6.2,69.4,0,0,0,1.7,2.6,64.9,3.4,6.4,9.9,2.3,1.9,0.6,1.2,3.3,29,19,0,-2.8
173,Amir Coffey,LAC,27,46,27,19,26.2,10.2,3.5,7.5,47.1,1.5,3.7,40.8,1.6,1.8,90.4,0.5,2,2.5,1.1,0.7,0.6,0.1,1.6,16.3,0,0,1
174,T.J. McConnell,IND,32,45,26,19,19,10.2,4.6,8.7,52.9,0.2,0.6,25.9,0.8,1,73.9,0.6,2.1,2.6,4.4,1.6,1.2,0.3,1,22.9,1,0,-0.8
175,Brice Sensabaugh,UTA,21,35,7,28,18.4,10.1,3.6,7.8,46.5,1.9,4.8,39.3,0.9,1,94.3,0.6,2.1,2.7,1.3,1.5,0.6,0.1,1.5,15.7,0,0,-4.7
176,Gary Trent Jr.,MIL,26,40,24,16,24.9,10,3.5,7.9,44,2.3,5.3,43.2,0.8,0.9,91.2,0.2,2.1,2.3,1,0.6,1,0.1,2,16.9,0,0,1.1
177,Bogdan Bogdanović,ATL,32,24,12,12,24.9,10,3.5,9.3,37.1,1.8,6.1,30.1,1.3,1.4,88.2,0.5,2.3,2.8,2,1.5,0.8,0.3,2.4,18.1,0,0,-1.8
177,Svi Mykhailiuk,UTA,27,18,4,14,18.9,10,3.6,8.6,42.2,2.2,6.1,35.5,0.6,0.8,78.6,0.4,1.8,2.3,1.7,1.7,0.7,0.3,1.4,16.5,0,0,-0.5
177,Toumani Camara,POR,24,45,16,29,31.6,10,3.7,8.5,43.8,1.5,4.2,34.9,1.1,1.5,72.5,2.3,3.4,5.7,2.1,1.5,1.4,0.6,2.9,24.3,1,0,-4.8
180,Tosan Evbuomwan,BKN,23,14,2,12,24.4,9.9,3.5,7.8,45,0.9,2.7,31.6,2.1,2.8,74.4,1.1,3.1,4.3,1.4,2,0.7,0.3,1.9,18.1,0,0,-1.1
181,Obi Toppin,IND,26,43,24,19,19.1,9.8,3.8,7,53.6,1.2,3.3,35.2,1.1,1.4,80,0.7,3.2,3.9,1.6,0.6,0.7,0.3,1.4,19.4,0,0,-1.7
182,Luke Kennard,MEM,28,34,23,11,21.6,9.8,3.2,6.7,48.5,2.3,4.6,49,1,1.1,89.7,0.7,2.3,3,3.4,1,0.6,0.1,0.8,19.5,0,0,5
183,Luguentz Dort,OKC,25,43,35,8,29,9.7,3.4,8.1,41.4,2.3,5.6,41.4,0.7,0.9,81.1,1.4,2.9,4.3,1.7,0.7,1,0.7,3.1,21.9,0,0,7
184,Cam Whitmore,HOU,20,27,19,8,16.6,9.7,3.7,8.5,43.9,1.2,3.9,31.7,1,1.4,73.7,0.8,2.4,3.3,0.8,1,0.6,0.3,1,16.5,1,0,2.8
185,Nic Claxton,BKN,25,41,10,31,26.4,9.7,4.2,7.7,54.3,0,0.3,7.1,1.3,2.4,53.5,2,5.6,7.6,2,1.2,1,1.2,2,27.1,9,0,-7.6
186,Scotty Pippen Jr.,MEM,24,47,31,16,21.5,9.7,3.6,7.8,46.3,1,2.9,35.1,1.4,2.1,68,0.8,2.6,3.4,4.5,1.9,1.2,0.3,2.6,23.3,6,1,0.3
187,Zach Edey,MEM,22,33,20,13,20.8,9.6,3.9,6.8,58,0.4,1.1,38.9,1.3,2,66.2,3.2,4.3,7.5,0.9,1.5,0.6,1.2,2.8,23.9,5,0,4.4
188,Goga Bitadze,ORL,25,37,22,15,24.6,9.6,4.1,6.5,62.5,0.1,0.5,10.5,1.4,2.1,67.1,2.7,5.5,8.2,2.4,1.4,0.9,1.6,2.4,29.1,14,0,2.6
189,Jalen Wilson,BKN,24,47,14,33,27.7,9.5,3.2,8.3,38.8,1.4,4.6,30.8,1.7,2,84.8,1,2.4,3.4,1.9,1.2,0.5,0,2.3,17.1,0,0,-4.5
190,Aaron Wiggins,OKC,26,45,37,8,21,9.5,3.8,7.7,48.7,1.3,3.6,36.6,0.6,0.8,82.9,1,2.4,3.4,1.5,0.9,0.8,0.2,1.3,18,0,0,5.1
190,Dalton Knecht,LAL,23,45,26,19,20.9,9.5,3.4,7.4,46.4,1.6,4.5,36.1,1,1.2,81.8,0.5,2.6,3.2,0.9,0.5,0.4,0.1,1.4,15.4,0,0,-1.3
192,Noah Clowney,BKN,20,37,9,28,23,9.4,3,8.1,37.5,2,5.6,35.4,1.4,1.6,85,0.9,3,3.9,0.8,1,0.5,0.5,2.4,17.4,0,0,-7.1
193,Clint Capela,ATL,30,45,22,23,22.4,9.4,4.2,7.3,57.3,0,0,0,1,1.9,54.1,3.3,5.7,9,1.2,1,0.6,1,2,25.8,11,0,-0.8
194,Chris Paul,SAS,39,44,20,24,29.1,9.4,3.1,7.5,41.5,1.7,4.8,35.8,1.5,1.5,97,0.5,3.7,4.1,8.2,1.6,1.3,0.2,1.9,29.6,10,0,2.3
195,Nick Richards,PHX,27,27,8,19,22,9.4,3.3,5.8,57.1,0,0.1,0,2.8,4,70.1,2.6,5.6,8.1,1.2,1.7,0.3,1.1,2.5,23.4,7,0,-2.5
196,Keon Johnson,BKN,22,46,15,31,22.5,9.4,3.4,9.2,37.3,1.4,4.8,29.1,1.1,1.4,76.9,0.7,2.6,3.2,1.8,1.3,0.9,0.3,2.5,18.2,0,0,-5.2
197,Isaiah Joe,OKC,25,41,35,6,20.7,9.4,3.3,7.8,42.8,2.3,6,38.9,0.4,0.5,76.2,0.5,2.1,2.6,1.4,0.5,0.8,0.1,1.6,16.7,0,0,7.4
198,Patrick Williams,CHI,23,38,16,22,26.8,9.3,3.3,8.8,37.7,1.7,4.7,35.4,1.1,1.3,81.6,0.7,3.3,4,2.2,1.3,0.8,0.6,1.3,20.3,1,0,-5
199,Anthony Black,ORL,21,44,22,22,25,9.3,3.3,8,41.1,0.6,2.4,26.9,2.1,2.9,74,0.5,2.1,2.6,3.5,2,1.1,0.6,2.3,20.7,0,0,-1.3
200,Ziaire Williams,BKN,23,34,12,22,22.9,9.3,3.1,7.8,39.8,1.3,3.9,32.3,1.8,2.2,80.3,1,3.6,4.6,1.4,1.1,1,0.4,2.5,20,1,0,-5.4
201,Jaime Jaquez Jr.,MIA,23,41,21,20,23.4,9.3,3.4,7.7,43.8,0.6,2,31,1.9,2.6,75.2,1.2,3.5,4.7,2.7,1.5,1.2,0.2,1.6,21.5,2,1,-3.1
202,Jose Alvarado,NOP,26,25,10,15,21.7,9.3,3.1,7.8,40.2,2.2,5.2,41.9,0.9,1.1,78.6,0.5,1.4,1.9,4,1.2,1.3,0.3,2,21.3,0,0,-3.7
203,Miles McBride,NYK,24,38,26,12,23.3,9.3,3.3,7.9,42.2,1.7,4.6,36.9,0.9,1.1,82.5,0.8,1.7,2.5,2.9,0.7,0.8,0.2,1.5,18.8,0,0,4.6
204,Royce O'Neale,PHX,31,40,21,19,25.3,9.3,3.3,7.9,42,2.2,5.6,39.7,0.4,0.6,77.3,0.9,4.4,5.3,2,1,1,0.5,2.2,22.1,0,0,-0.7
205,Kevin Porter Jr.,LAC,24,42,23,19,19.7,9.2,3.8,9,41.8,0.6,2.4,24.2,1.1,1.8,64.9,0.6,2.9,3.5,3.2,1.9,1,0.3,1.6,20.1,0,0,-0.2
206,Julian Strawther,DEN,22,47,28,19,21.7,9.2,3.2,7.5,43.1,1.5,4.1,36.8,1.2,1.4,83.6,0.3,1.9,2.1,1.3,0.8,0.7,0.3,2.4,15.7,0,0,-1.2
207,Marcus Smart,MEM,30,18,11,7,21.2,9.2,2.9,7.9,37.3,1.6,4.8,33.3,1.7,2,83.3,0.8,1.6,2.3,3.8,1.9,1.3,0.3,1.7,20.7,0,0,4.6
208,Kentavious Caldwell-Pope,ORL,31,46,22,24,30.8,9.2,3.2,7.7,41.5,1.5,4.8,31.4,1.2,1.4,87.7,0.3,1.6,1.9,1.9,0.9,1.6,0.5,1.9,19.7,0,0,0.1
209,Bruce Brown,TOR,28,14,7,7,20.3,9.1,3.6,7.8,45.9,0.7,2.1,34.5,1.3,1.5,85.7,1,3.2,4.2,1.6,1.3,1.1,0.2,1.7,19.2,0,0,-2.2
210,Dereck Lively II,DAL,20,32,19,13,24,9.1,3.9,5.5,70.1,0,0,0,1.4,2.2,63.8,3.1,4.8,7.8,2.6,1.2,0.5,1.7,2.9,27.9,7,0,3.9
211,Caleb Martin,PHI,29,31,12,19,30.4,9.1,3.3,7.5,43.5,1.1,2.8,37.9,1.5,2.4,62.2,1.4,3,4.4,2.2,1.4,1.1,0.6,2,21.5,1,0,-3.9
212,Larry Nance Jr.,ATL,32,17,6,11,19.5,9,3.5,6.5,53.2,1.6,3.4,46.6,0.5,0.6,80,1,3.1,4.1,1.5,0.7,1.1,0.7,1.5,20.8,2,0,-5.4
213,Tristan da Silva,ORL,23,44,22,22,26.3,8.8,3.3,8,41.9,1.3,4,33.1,0.8,1,84.1,1.3,2.8,4.2,1.8,0.9,0.5,0.2,1.5,17.7,1,0,-0.3
214,Dorian Finney-Smith,LAL,31,32,13,19,26.8,8.8,3.1,6.8,45.9,2,4.7,41.7,0.6,0.9,65.5,1.4,2.6,4,1.3,0.8,0.8,0.4,2.5,18.4,0,0,3.2
215,Bub Carrington,WAS,19,46,6,40,29.6,8.8,3.2,8.2,39.4,1.6,4.6,34,0.7,0.9,81,0.4,3.7,4.1,3.8,1.5,0.7,0.2,2.4,20.6,2,0,-12.2
216,Yves Missi,NOP,20,45,10,35,26.9,8.8,3.4,6.2,55.8,0,0,0,1.9,2.8,66.1,3.5,4.5,8,1.4,1.1,0.6,1.5,2.1,25.6,8,0,-6.6
217,Dalano Banton,POR,25,37,12,25,15.7,8.7,3.1,7.6,40.6,1.2,3.3,35.2,1.3,1.9,70,0.3,1.6,1.9,2.2,1.3,0.8,0.5,1,17,0,0,-0.2
218,Georges Niang,CLE,31,47,38,9,20.5,8.7,3.3,6.9,47.7,1.8,4.4,40.1,0.3,0.4,76.2,0.7,3.1,3.8,1.4,1,0.4,0.1,2.4,15.8,1,0,3.8
219,Wendell Carter Jr.,ORL,25,35,15,20,25.8,8.7,3.1,6.9,44.2,0.5,2.3,19.5,2.1,3,71.2,1.8,5.5,7.3,2.3,1,0.9,0.6,2.9,24.2,6,0,-1.1
220,Brandin Podziemski,GSW,21,33,17,16,24.3,8.7,3.3,7.8,41.9,1.2,3.8,31.7,0.9,1.2,78.9,1,3.5,4.5,3.3,1,1,0.2,1.5,21.6,0,0,2.5
221,Moses Moody,GSW,22,39,20,19,18,8.6,3,6.8,43.9,1.7,4.2,40.1,1,1.4,74.1,0.5,1.6,2,1.2,0.7,0.5,0.3,1.4,14.5,0,0,0.2
222,Jusuf Nurkić,PHX,30,25,13,12,23.7,8.6,3,6.5,45.4,0.8,2.4,32.2,1.9,2.8,69.6,1.8,7.3,9.2,1.9,2.3,0.9,0.6,3.1,24.8,8,0,-2.8
223,Nickeil Alexander-Walker,MIN,26,47,26,21,23.2,8.6,3.1,6.9,45.3,1.6,4,40.5,0.7,1,70.8,0.6,2.3,2.9,2.3,1.3,0.6,0.3,1.7,16.9,1,0,3
224,Kel'el Ware,MIA,20,31,15,16,17.2,8.5,3.5,6.2,55.7,0.8,1.9,41.4,0.8,1.1,72.7,1,3.8,4.8,0.6,0.7,0.6,1,1.3,19.1,4,0,0.7
225,Draymond Green,GSW,34,34,18,16,27.8,8.4,2.9,7.1,41.5,1.4,3.7,36.2,1.2,1.9,61.5,1,5,6,5.4,2.5,1,1.1,3.1,27.8,3,0,2.4
226,Jaylen Nowell,NOP,25,8,1,7,21,8.4,3.3,9.1,35.6,1,3.4,29.6,0.9,1.4,63.6,0.8,1.8,2.5,2.3,1,0.1,0.5,1.1,15.6,0,0,-5.3
227,Trendon Watford,BKN,24,14,6,8,16.2,8.4,2.8,6.3,44.3,0.6,2,32.1,2.1,2.5,85.7,0.3,2.6,2.9,1.2,1.1,0.4,0.3,2.3,14.4,0,0,-2.8
228,Jaden Hardy,DAL,22,37,21,16,15.5,8.2,3,6.9,43.4,1.3,3.2,40.3,0.9,1.3,72.9,0.2,1.4,1.6,1.4,1.5,0.6,0.1,1.6,12.9,0,0,0
229,Max Christie,LAL,21,44,25,19,24.8,8.2,2.7,6.2,43.5,1.3,3.5,36.4,1.6,1.9,85.4,0.6,2.1,2.6,1.4,0.9,0.8,0.5,1.5,16.3,0,0,-1.3
230,Cole Anthony,ORL,24,43,23,20,16.3,8.2,3,7.5,40.8,0.9,2.9,30.6,1.2,1.6,76.5,0.6,2.2,2.8,2.7,1.6,0.6,0.3,2.1,16.7,0,0,0.2
231,Ausar Thompson,DET,22,25,13,12,19.7,8.2,3.4,6.7,50.6,0.3,1.3,21.9,1.1,1.8,58.7,1.6,3.2,4.7,1.6,1.4,1.5,0.4,2.5,20.6,1,0,-2.1
232,Jalen Smith,CHI,24,44,18,26,15.3,8.1,2.9,6.3,45.8,1.1,3.4,33.6,1.3,1.5,83.6,1.5,4.1,5.6,0.8,0.6,0.3,0.8,1.5,18.7,1,0,-1.8
233,Trayce Jackson-Davis,GSW,24,45,22,23,19.7,8.1,3.5,6.1,57.2,0,0,0,1.1,1.9,59.5,2.4,3.9,6.3,2.2,0.9,0.5,0.8,1.4,21.7,4,0,-1.6
234,Tyrese Martin,BKN,25,31,7,24,21.3,8.1,3,7.5,39.9,1.6,4.5,35.3,0.5,0.8,65.4,1.1,2.8,3.9,1.8,1.3,0.4,0.2,1.1,16,1,0,-6.4
235,Peyton Watson,DEN,22,47,28,19,24.1,8.1,2.9,6.2,46.8,0.7,2,34.4,1.6,2.1,75.2,0.8,2.6,3.4,1.5,0.9,0.9,1.3,1.7,19.9,0,0,0.9
236,Justin Champagnie,WAS,23,28,4,24,19.8,8.1,3.2,6.2,51.1,1.1,3,38.6,0.6,1,63,1.5,3.4,4.9,1,0.9,1.1,0.6,2,19.7,2,0,-4.1
237,Al Horford,BOS,38,36,24,12,26.8,8.1,3,7.1,41.6,1.8,5.1,35.9,0.3,0.3,83.3,1.1,4.2,5.3,2.1,0.8,0.6,0.9,1.5,21.3,1,0,5.7
238,Jay Huff,MEM,27,42,28,14,13.4,8,2.8,5.4,52.4,1.5,3.6,41.7,0.9,1.1,77.1,0.5,1.8,2.3,0.7,0.7,0.3,1,1.5,14.8,0,0,-0.7
239,Aaron Nesmith,IND,25,11,6,5,20.7,8,2.8,5.5,50.8,1,2.2,45.8,1.4,1.5,88.2,0.5,2.9,3.5,1,0.8,0.4,0.3,2.8,14.7,0,0,2.7
239,GG Jackson,MEM,20,5,4,1,16.6,8,2.8,7.8,35.9,1,4,25,1.4,1.8,77.8,1,2.4,3.4,0.8,1.2,0.4,0,1,13.3,0,0,-2.4
241,Kevin Huerter,SAC,26,42,22,20,21.2,8,3,7.3,41.2,1.5,4.8,30,0.5,0.7,71.4,0.5,2.4,2.8,1.7,0.9,0.9,0.4,1.7,16.8,0,0,-1.4
242,Mike Conley,MIN,37,43,26,17,24.8,8,2.5,6.8,36.8,1.8,4.6,38.6,1.2,1.3,89.7,0.5,2.1,2.6,4.4,1.1,1.3,0.2,1.4,21.1,1,0,2
243,AJ Green,MIL,25,38,23,15,21.8,7.9,2.7,5.9,44.7,2.3,5.2,44.2,0.3,0.4,85.7,0.3,2.1,2.3,1.3,0.6,0.5,0.1,2.2,13.9,0,0,3.6
244,Max Strus,CLE,28,19,14,5,24.6,7.9,2.8,7.1,40.3,2,5.6,35.8,0.2,0.3,80,0.8,3.3,4.2,3.1,0.9,0.6,0.4,1.9,19.4,0,0,3.1
245,Garrison Mathews,ATL,28,38,16,22,18.5,7.9,2.3,5.7,39.8,1.9,4.8,39.3,1.4,1.8,82.1,0.3,1.4,1.7,1.4,0.7,0.7,0.3,1.7,14.3,0,0,-1.5
246,Cody Martin,CHA,29,39,11,28,24.8,7.8,3,6.9,43.3,1,3.2,32.3,0.9,1.3,69.4,1,3.5,4.5,2.3,1.1,1.1,0.7,1.8,20.9,0,0,-1.4
247,Brandon Clarke,MEM,28,44,30,14,18.5,7.7,3.5,5.6,61.3,0,0.4,6.3,0.8,1.2,68.6,1.8,3.2,5,1,0.6,0.8,0.5,2.4,18.7,0,0,4.4
248,Day'Ron Sharpe,BKN,23,26,6,20,17.3,7.7,3,6.3,48.2,0.2,1.1,14.3,1.5,1.9,76,2.9,3.4,6.3,1.4,1.2,0.7,0.5,1.8,19.9,3,0,0.4
249,Jake LaRavia,MEM,23,43,27,16,21.6,7.7,2.7,5.4,49.1,0.9,2,43.7,1.5,2.1,71.1,1.4,3,4.4,3,1.5,0.9,0.4,2,19.9,2,0,3.4
250,Keon Ellis,SAC,25,45,23,22,21.5,7.6,2.5,5.3,47.5,1.6,3.8,43.5,1,1.1,86,0.8,1.6,2.4,1.3,0.8,1.4,0.7,1.9,18,0,0,2.2
251,Cason Wallace,OKC,21,44,36,8,27.8,7.5,3.1,6.9,44.9,1,3,34.1,0.3,0.4,77.8,1.1,2.4,3.5,2.5,0.7,1.7,0.6,2.3,21.6,0,0,6
252,Quinten Post,GSW,24,8,2,6,12.5,7.5,2.8,6.1,44.9,1.5,4,37.5,0.5,0.5,100,0.8,1.8,2.5,1.6,0.6,0.1,0.3,2,13.4,0,0,0.4
253,Sam Hauser,BOS,27,39,26,13,20.1,7.5,2.7,6.2,43.4,2.1,5.3,38.6,0.1,0.1,100,0.7,2.3,2.9,1,0.3,0.7,0.2,1.1,15,0,0,3.7
254,Kyshawn George,WAS,21,41,5,36,25.6,7.5,2.6,7.4,34.7,1.4,5.1,27.8,0.9,1.2,76,0.8,2.9,3.6,2.2,1.3,0.8,0.6,3,18.1,0,0,-6.1
255,Josh Green,CHA,24,41,11,30,28.2,7.4,2.6,6.1,42.6,1.5,3.6,41.2,0.8,1.1,71.1,1.1,1.8,2.9,1.4,0.9,1.1,0.3,2.8,16.3,0,0,-4.2
256,Cameron Payne,NYK,30,42,30,12,14.6,7.4,2.6,6.1,42.7,1.5,3.8,39.9,0.7,0.8,90.6,0.3,1.2,1.5,2.5,0.7,0.6,0.3,1.7,14.8,0,0,3.5
257,Johnny Juzang,UTA,23,32,9,23,17.8,7.3,2.5,5.9,41.8,1.7,4.2,40,0.7,0.8,88,0.6,2.2,2.8,1,0.5,0.4,0.2,1.9,13.3,0,0,-3.2
258,Taurean Prince,MIL,30,45,26,19,25.6,7.3,2.6,5.7,45.3,1.7,3.7,45.8,0.4,0.5,77.3,0.5,3.1,3.7,2,1,0.8,0.1,2,16.6,1,0,-0.2
259,Ryan Dunn,PHX,22,41,22,19,19.8,7.2,3,6.6,45,1.1,3.4,31.9,0.2,0.5,47.6,1,2.4,3.4,1,0.4,0.5,0.6,2.4,15.8,1,0,-1
260,Justin Edwards,PHI,21,17,7,10,21,7.2,2.8,6,46.1,1.2,3.6,32.8,0.5,0.8,61.5,0.9,1.8,2.8,1.2,0.9,0.8,0.2,2.1,14.3,0,0,-2.9
261,Vasilije Micić,CHA,31,33,7,26,20.9,7.2,2.5,7.3,34.7,1.2,3.5,35.1,0.8,1.1,80,0.6,1.8,2.4,3.5,2.1,0.4,0,1.2,14.4,1,0,-2.3
262,Eric Gordon,PHI,36,35,12,23,19.8,7.1,2.3,5.3,43.3,1.5,3.6,41.3,1,1.4,75,0.2,1,1.1,1.6,0.7,0.7,0.3,0.8,13.1,0,0,-1.6
263,Lonzo Ball,CHI,27,27,12,15,20.9,7.1,2.4,6.4,37.2,1.9,5.3,34.7,0.5,0.6,82.4,0.6,2.8,3.4,3.5,1.2,1.6,0.5,1.6,21.4,0,0,2.6
264,Andre Drummond,PHI,31,28,10,18,19.2,7.1,2.9,5.7,50.9,0,0.4,9.1,1.3,2.2,57.4,2.5,5.1,7.6,0.6,1.7,1.1,0.4,2.4,19.9,3,0,-5.1
265,Isaiah Jackson,IND,23,5,1,4,16.8,7,2.8,4.6,60.9,0,0,0,1.4,2.8,50,2.2,3.4,5.6,1,1,0.6,1.6,2.8,20.8,0,0,2
265,Kelly Olynyk,TOR,33,21,5,16,15.2,7,2.3,4.6,51,0.8,1.7,48.6,1.5,2,78,0.9,2.5,3.4,2.3,1.5,0.7,0.4,2.2,16.4,0,0,-0.6
267,Bones Hyland,LAC,24,19,8,11,11.3,6.9,2.2,5.8,37.3,1.5,4.1,37.7,1.1,1.3,87.5,0.3,1,1.3,1.5,1.2,0.9,0.2,1.2,12.8,0,0,-1.8
268,Torrey Craig,CHI,34,9,3,6,12.5,6.9,2.4,5,48.9,1.7,3.9,42.9,0.3,0.4,75,0.9,1.9,2.8,0.6,0,0.2,0.1,1.7,12.1,0,0,-3.1
269,Ja'Kobe Walter,TOR,20,28,9,19,18.5,6.9,2.5,6.6,38.6,0.9,3.1,28.4,0.9,1.4,65.8,0.7,1.6,2.3,1.4,0.8,0.5,0.2,1.9,13.3,1,0,-2.5
270,Jared Butler,WAS,24,31,3,28,11.1,6.8,2.7,5.5,48.8,0.5,1.3,37.5,1,1.3,77.5,0.5,0.9,1.3,2.5,0.9,0.4,0.2,1.2,13,0,0,-1.2
270,Josh Okogie,CHA,26,31,11,20,15.6,6.8,2.5,5.2,47.5,0.8,2,39.7,1.1,1.6,71.4,1.3,1.7,3,0.8,0.7,1.2,0.4,1.3,15.7,1,0,0.6
272,Trey Lyles,SAC,29,37,19,18,20,6.8,2.3,5.7,40.5,1.3,3.9,34.3,0.8,1.1,73.8,1.1,3.6,4.8,0.9,0.6,0.6,0.5,1.2,16.4,1,0,-0.4
273,Elfrid Payton,NOP,30,7,0,7,20.5,6.7,3.3,6.6,50,0,0.1,0,0.1,0.3,50,0.7,2.7,3.4,6.9,2.9,1.4,0.4,1.4,23.8,1,0,-1.6
274,Ricky Council IV,PHI,23,38,12,26,14.8,6.7,2.2,5.3,41.5,0.7,2.3,29.1,1.7,2,84,0.7,1.7,2.4,0.9,0.5,0.4,0.2,0.9,12.1,1,0,-2
275,Haywood Highsmith,MIA,28,44,22,22,24.2,6.6,2.5,5.2,48.5,1.2,3,40.9,0.4,0.5,66.7,0.8,2.3,3.2,1.2,0.8,1,0.6,2,16.3,0,0,-0.9
276,Sam Merrill,CLE,28,39,30,9,18.3,6.6,2.2,5.8,37.3,1.7,5.1,33.5,0.6,0.6,95.7,0.5,1.4,1.9,1.6,0.4,0.5,0.2,1.8,13,0,0,4.1
277,Vít Krejčí,ATL,24,32,14,18,20.2,6.5,2.3,5.5,42.6,1.3,3.6,36.2,0.5,0.7,69.6,0.4,2.1,2.4,2.7,0.9,0.8,0.5,1.8,16.4,0,0,-1.6
278,Keaton Wallace,ATL,25,19,8,11,18.1,6.4,2.4,5.5,43.8,1.1,2.9,38.2,0.5,0.5,100,0.3,1.4,1.7,2.3,1.3,1.1,0.3,1.2,14.7,0,0,-2.1
279,KJ Martin,PHI,24,24,9,15,20,6.4,2.5,4.1,61.6,0.3,0.9,38.1,1,1.2,82.8,0.9,2.1,3,0.8,0.5,0.5,0.7,2.6,14.1,0,0,1.2
280,Ajay Mitchell,OKC,22,34,29,5,16.5,6.4,2.5,4.9,50.6,0.6,1.5,43.1,0.8,1,84.8,0.5,1.5,2,1.7,0.8,0.7,0.1,1.7,12.9,1,0,3.4
281,Ben Simmons,BKN,28,31,12,19,25.3,6.4,2.9,5.2,55.9,0,0,0,0.6,0.8,69.2,0.9,4.4,5.2,7.1,2.8,0.8,0.5,2.5,24.3,1,0,-2.2
282,Jonathan Isaac,ORL,27,42,21,21,16.8,6.4,2.3,5.5,41.7,0.7,2.6,25.2,1.1,1.7,65.8,1.9,3,4.9,0.5,0.5,0.8,1.3,1.4,18.7,1,0,-2.7
282,Simone Fontecchio,DET,29,42,19,23,17.9,6.4,2.1,5.3,40.4,1.1,3.3,34.3,1,1.2,78.8,0.7,2.3,3,0.9,0.8,0.4,0.2,1.3,12,0,0,-1.2
284,Ronald Holland II,DET,19,47,23,24,15.5,6.4,2.4,5.3,46,0.5,2,26,1,1.3,78,0.5,2.3,2.8,0.8,0.8,0.5,0.1,1.7,12,0,0,-1.9
285,Jarace Walker,IND,21,46,26,20,16.9,6.2,2.3,4.8,46.6,1,2.5,38.8,0.7,1.2,64.2,0.4,2.9,3.3,1.5,1.2,0.9,0.4,1.7,15.2,0,0,-2.7
286,Dru Smith,MIA,27,14,8,6,19.2,6.2,2.2,4.4,50.8,1.1,2.1,53.3,0.6,0.9,75,0.9,1.7,2.6,1.6,1.2,1.5,0.4,2.1,16.3,0,0,2.7
287,Terance Mann,LAC,28,34,20,14,19.7,6.2,2.4,5.4,45.4,0.7,2,34.8,0.6,0.9,70,0.8,2.1,2.9,1.7,0.7,0.8,0.3,1.9,14.7,0,0,-1.7
288,Kyle Filipowski,UTA,21,35,6,29,18.5,6.2,2.3,4.8,49.1,0.6,2,30,0.9,1.5,60.4,1.1,3.8,4.8,1.8,1,0.6,0.1,1.9,15.9,1,0,-3.1
289,Davion Mitchell,TOR,26,42,15,27,24.7,6.2,2.4,5.5,42.7,0.9,2.6,34.2,0.6,0.9,66.7,0.4,1.6,2,4.7,1.8,0.7,0.2,2.7,16.5,1,0,-1.2
290,Thomas Bryant,IND,27,30,20,10,13.2,6.1,2.3,4.2,55.2,0.8,1.9,41.4,0.7,0.8,87.5,1.2,2.3,3.6,0.7,0.4,0.4,0.6,0.9,14.2,0,0,2.6
291,Dean Wade,CLE,28,35,30,5,22.8,6,2.1,5.1,40.8,1.5,4.3,34.9,0.4,0.7,52,1,4.1,5.1,1.6,0.3,0.9,0.5,1.9,18.1,1,0,5.3
292,Marcus Sasser,DET,24,36,16,20,13.9,6,2.3,4.9,47.2,0.9,2.5,36.3,0.5,0.6,90,0.4,0.8,1.2,2.1,0.8,0.6,0.1,1.3,11.9,0,0,-0.6
293,Kris Dunn,LAC,30,42,24,18,22.6,6,2.5,5.9,42.3,0.9,3,30.5,0.1,0.3,50,0.7,2.6,3.2,2.7,1.1,1.5,0.3,2.5,18.3,0,0,2.1
294,Javonte Green,NOP,31,43,10,33,21.9,6,2.1,4.6,46.4,0.8,2.1,38.2,1,1.3,75.4,1.1,2.4,3.5,0.8,0.6,1.1,0.7,1.5,16.1,0,0,-5.6
295,James Wiseman,IND,23,1,1,0,4.6,6,2,4,50,0,1,0,2,2,100,0,1,1,0,0,0,0,0,7.2,0,0,-4
296,Shake Milton,LAL,28,36,16,20,15.9,5.9,2.1,4.8,44.3,0.8,2.3,36.6,0.8,1.1,76.9,0.5,1.3,1.8,2,0.7,0.4,0.1,1.4,11.8,1,0,-2.8
297,DaQuan Jeffries,CHA,27,13,2,11,17.7,5.9,2.2,4.7,47.5,1.1,2.6,41.2,0.4,0.5,83.3,0.9,2.2,3.2,0.8,0.5,0.6,0.4,1.7,13.4,0,0,-1.6
298,Jaylin Williams,OKC,22,18,15,3,16.2,5.9,2.2,5.2,41.5,1.3,3.7,36.4,0.2,0.2,100,1.2,3.6,4.8,2.2,0.7,0.4,0.6,1.7,17.3,1,0,2.2
299,Talen Horton-Tucker,CHI,24,40,13,27,11.5,5.9,2.1,4.6,45.7,0.8,2,38.3,0.9,1.2,72.9,0.4,1.4,1.7,1.3,0.7,0.4,0.2,1,11,0,0,-0.3
300,Nick Smith Jr.,CHA,20,26,7,19,15.5,5.8,2.3,6.3,36.2,1.2,3.7,31.6,0.2,0.2,80,0.2,1.7,1.8,1.6,0.8,0.3,0.2,0.8,11,0,0,-3
301,Precious Achiuwa,NYK,25,27,19,8,19,5.8,2.5,4.7,54,0.3,0.6,41.2,0.5,1,51.9,1.7,3.6,5.3,1,0.8,0.9,0.8,1.4,17.9,1,0,1.6
302,Drew Eubanks,UTA,27,36,8,28,15.4,5.8,2.4,3.9,60.3,0.1,0.1,60,1,1.6,63.2,1.1,3.6,4.7,1.2,0.9,0.3,0.9,1.3,15.8,0,0,-2.9
303,Isaiah Wong,CHA,24,15,2,13,12.8,5.8,1.9,5,37.3,0.5,1.7,32,1.5,2.1,71.9,0.9,0.9,1.8,1.3,0.9,0.6,0,0.9,10.9,0,0,0.3
304,Jeremiah Robinson-Earl,NOP,24,39,11,28,18.3,5.8,2.2,5,44.6,0.7,2.3,30,0.6,0.7,86.2,1.8,3.1,4.8,1.3,0.7,0.7,0.2,1.3,15.5,2,0,-3.4
305,Kevin Love,MIA,36,18,11,7,11.1,5.8,1.9,5.5,35.4,1.2,3.2,36.2,0.7,1.1,68.4,0.9,3.2,4.2,1.1,0.7,0.8,0.1,0.9,14.3,0,0,-0.1
306,Robert Williams III,POR,27,17,6,11,17.3,5.8,2.4,3.7,65.1,0.1,0.2,33.3,0.9,1,88.2,1.8,3.9,5.7,1,0.9,0.6,1.7,1.5,20.3,0,0,-3
307,Isaac Okoro,CLE,24,28,24,4,19.7,5.8,2,4.7,42.7,1.1,2.8,39.7,0.6,0.9,72,0.8,1.3,2.1,1.6,0.4,0.7,0.4,2,13.5,0,0,4.8
308,Alex Caruso,OKC,30,27,22,5,19.7,5.7,2.2,5.7,38.3,1,3.3,29.2,0.3,0.4,75,0.7,2.1,2.8,2.6,0.7,1.8,0.5,1.9,19.2,0,0,6.6
308,Quenton Jackson,IND,26,18,8,10,14.1,5.7,2.2,4.2,51.3,0.5,1.3,37.5,0.8,1.2,71.4,0.6,0.9,1.5,1.7,0.6,0.5,0.3,1.8,11.8,0,0,-2.5
310,Lindy Waters III,GSW,27,37,17,20,17.6,5.6,2.1,5.5,37.6,1.3,3.9,33.6,0.2,0.3,72.7,0.4,2.1,2.6,1.1,0.5,0.6,0.3,1.5,12.5,0,0,-0.5
311,Kenrich Williams,OKC,30,34,28,6,14,5.6,2.2,4.4,49.7,0.8,2.2,37.3,0.4,0.5,88.2,0.8,2.4,3.2,0.9,0.5,0.6,0.1,1.6,12.5,0,0,4.1
312,Alec Burks,MIA,33,25,14,11,16.1,5.6,1.7,4.2,41.3,1.3,3.1,42.9,0.8,1,80.8,0.3,1.7,2,1,0.4,0.5,0.2,0.6,11.2,0,0,2.7
313,Ben Sheppard,IND,23,32,20,12,20.6,5.5,2,4.9,40.4,1.3,3.4,37.3,0.3,0.3,90,0.6,1.8,2.5,1.1,0.4,0.6,0.3,2.3,12.2,0,0,-0.9
314,Seth Curry,CHA,34,37,11,26,13.6,5.5,2.1,4.2,48.7,1,2.2,46.9,0.4,0.4,86.7,0.4,1,1.4,0.5,0.4,0.4,0.1,0.9,9.2,0,0,-1.2
315,Jamison Battle,TOR,23,34,10,24,12.6,5.5,1.9,4.2,45.8,1.3,3.1,41.5,0.4,0.4,85.7,0.6,1.3,1.8,0.9,0.4,0.1,0.1,1.1,9.4,0,0,-2.6
316,Isaiah Collier,UTA,20,37,8,29,21.8,5.5,2.2,5.9,37.3,0.4,1.9,21.1,0.7,1.1,62.5,0.4,2.5,2.8,5,2.7,0.8,0.2,2.1,16.7,2,0,-3.3
317,Isaiah Stewart,DET,23,43,20,23,20.3,5.4,2.2,4.3,52.2,0.2,0.8,24.2,0.8,1,82.9,2,3.8,5.8,1.7,0.9,0.4,1.3,2.6,19.3,2,0,-1.1
318,Jamal Shead,TOR,22,43,15,28,16.6,5.4,2.1,5,41.2,0.8,2.2,35.4,0.5,0.7,75,0.3,0.9,1.1,3.4,1.5,0.6,0.1,1.7,12.5,1,0,-3.4
319,Donovan Clingan,POR,20,34,13,21,16.6,5.4,2.2,4.2,52.8,0.2,0.6,27.3,0.7,1,73.5,2.8,3.9,6.6,0.8,1.2,0.5,1.6,2.6,19.5,2,0,-0.8
319,Kyle Anderson,GSW,31,34,18,16,15.1,5.4,2.1,4.8,45.1,0.6,1.5,37.3,0.5,0.8,66.7,0.8,2.3,3.1,2.3,0.5,0.8,0.5,1.1,15.8,0,0,-2
321,Vince Williams Jr.,MEM,24,3,1,2,14.9,5.3,2.3,6.3,36.8,0.3,2.7,12.5,0.3,1.3,25,1.3,2.3,3.7,3,2.3,0,0.7,3,13.9,0,0,4.7
322,Kobe Bufkin,ATL,21,10,6,4,12.4,5.3,1.8,4.7,38.3,0.4,1.9,21.1,1.3,1.8,72.2,0.5,1.6,2.1,1.7,0.8,0.3,0.2,0.9,11.1,0,0,-2.3
323,Rob Dillingham,MIN,20,22,12,10,10.5,5.2,2.1,4.4,49,0.8,1.7,48.6,0.1,0.2,50,0.2,0.9,1.1,1.9,1.2,0.2,0,0.8,8.7,0,0,-0.6
324,Jaxson Hayes,LAL,24,24,14,10,16.3,5.2,2,3.1,64.9,0,0.1,0,1.2,1.5,75.7,1.3,2.5,3.8,0.8,0.6,0.4,0.8,2,13.9,0,0,-1.1
324,Monté Morris,PHX,29,36,18,18,13.4,5.2,1.8,4.3,42.6,0.6,1.8,30.3,0.9,1.1,85,0.3,1.3,1.5,1.7,0.4,0.4,0.1,0.5,10.6,0,0,1.6
326,Trevelin Queen,ORL,27,20,8,12,16.3,5.2,2,5,39.4,0.8,2.6,30.8,0.5,0.6,81.8,0.8,0.9,1.7,1.5,0.9,1.1,0.4,1.6,13,0,0,-3.5
327,Matas Buzelis,CHI,20,46,20,26,13,5.1,1.8,4.6,39.4,0.8,2.3,34.6,0.7,0.8,82.1,0.6,2.1,2.7,0.4,0.6,0.2,0.8,1.4,11.5,0,0,0.1
328,Neemias Queta,BOS,25,39,27,12,14.6,5.1,2.2,3.2,66.7,0,0.1,0,0.8,1.1,72.7,1.4,2.3,3.7,0.7,0.6,0.3,0.7,1.8,13.1,0,0,2.8
329,Jonathan Mogbo,TOR,23,36,8,28,16.4,5.1,1.9,4.2,46.4,0.2,0.7,32,1,1.3,72.9,1.8,2.4,4.1,1.6,0.9,0.7,0.4,1.8,15,0,0,-3.9
330,Jordan Miller,LAC,25,28,14,14,13.2,5.1,1.9,4.5,42.9,0.3,1.3,22.2,0.9,1.2,78.8,0.8,1.1,1.9,1.1,0.8,0.5,0.2,0.8,10.3,0,0,-1.3
331,Luke Kornet,BOS,29,42,27,15,17,5,2,3.2,63,0,0,0,1,1.3,75,2.3,2.9,5.1,1.5,0.5,0.5,1,1.4,17.3,0,0,5.2
332,Alondes Williams,DET,25,1,0,1,3.7,5,2,2,100,1,1,100,0,0,0,0,0,0,1,0,0,0,0,6.5,0,0,6
332,Kevon Looney,GSW,28,40,20,20,16,5,2.2,4.3,52.4,0,0,0,0.6,1.3,44,2.9,4,6.9,1.8,0.6,0.8,0.4,2.1,18.6,2,0,0.3
334,Gary Payton II,GSW,32,35,19,16,13.3,5,2.1,3.9,55.1,0.3,1.3,22.7,0.4,0.6,66.7,1,1.9,2.9,1.3,0.6,0.7,0.3,1.5,12.7,0,0,-0.3
335,Marvin Bagley III,WAS,25,19,3,16,8.8,4.9,2,3.7,53.5,0.1,0.5,20,0.8,1.2,65.2,1.4,1.5,2.9,0.4,0.6,0.4,0.3,0.6,10.3,0,0,-1.4
336,Gabe Vincent,LAL,28,39,23,16,20,4.9,1.9,4.7,39.7,1,3.1,32,0.1,0.3,50,0.3,1,1.3,1.3,0.6,0.7,0.2,2.1,10.5,0,0,-0.4
337,Ryan Rollins,MIL,22,29,15,14,12,4.8,1.9,3.8,49.5,0.6,1.6,37,0.4,0.6,81.3,0.3,1.2,1.6,1.1,0.8,0.7,0.3,1.5,10.8,0,0,2.3
338,Zach Collins,SAS,27,34,16,18,12.1,4.8,1.7,3.8,45.7,0.4,1.3,28.9,0.9,1,88.6,1.1,1.8,2.9,1.5,0.7,0.4,0.4,2,12.3,0,0,-2.4
339,Malaki Branham,SAS,21,28,13,15,10.1,4.8,1.7,4,42.9,0.7,1.9,38.5,0.6,0.7,85,0.1,1,1.1,0.9,1,0.3,0.1,0.6,7.4,0,0,-3.1
340,David Roddy,ATL,23,26,9,17,13.2,4.7,1.7,3.5,47.8,0.6,1.7,37.2,0.7,0.8,81.8,0.4,2.3,2.7,1.2,0.8,0.5,0.3,0.7,11.2,0,0,-2.7
341,Tidjane Salaun,CHA,19,34,8,26,18.4,4.7,1.6,5,31.8,0.9,3.1,28,0.6,0.9,67.7,1,3.1,4.1,1.1,0.9,0.6,0.2,1.3,12.7,1,0,-4.1
342,Oscar Tshiebwe,UTA,25,3,1,2,15.3,4.7,1.3,2,66.7,0,0,0,2,2.7,75,1.7,5,6.7,0,0.3,1.3,0,3.3,16.3,0,0,3.7
342,Taylor Hendricks,UTA,21,3,0,3,24.8,4.7,1.3,6,22.2,1,4,25,1,1.3,75,1.7,3.3,5,0.7,0.7,1.7,1.3,2.7,20,0,0,-7.3
344,KJ Simpson,CHA,22,14,1,13,15.6,4.6,1.5,5.6,26.9,0.4,2.6,16.7,1.2,1.6,73.9,1.1,0.9,2.1,1.6,1.1,0.8,0.3,1.5,11.7,0,0,-5.6
345,Jett Howard,ORL,21,39,21,18,11.1,4.6,1.6,4.3,38.6,1,3,32.2,0.4,0.5,83.3,0.4,0.8,1.3,0.6,0.5,0.1,0.2,1,7.5,0,0,-1.5
346,Mo Bamba,LAC,26,28,18,10,12.6,4.6,1.7,3.7,46.6,0.5,1.8,30,0.6,0.9,68,0.9,3.4,4.3,0.6,0.7,0.3,1,1.8,13.9,0,0,-1.9
347,Dariq Whitehead,BKN,20,8,2,6,7,4.5,1.5,3.1,48,1.4,2.6,52.4,0.1,0.4,33.3,0.1,0.5,0.6,0.1,0.4,0.4,0.1,0.3,6.6,0,0,-0.6
347,Trentyn Flowers,LAC,19,2,0,2,7.9,4.5,2,4.5,44.4,0,1,0,0.5,0.5,100,0.5,1.5,2,0,0.5,0,0,1.5,6.4,0,0,6.5
349,Charles Bassey,SAS,24,30,14,16,10.4,4.5,1.9,3.3,58.6,0,0,0,0.6,1,62.1,1.6,2.7,4.3,0.4,0.7,0.4,0.9,1.4,13.5,2,0,-2.9
350,Antonio Reeves,NOP,22,18,1,17,9.2,4.4,1.7,4.2,40.8,0.6,2.1,28.9,0.4,0.4,87.5,0.3,0.7,1,0.6,0.3,0.3,0,0.4,7.3,0,0,-2.2
351,Julian Phillips,CHI,21,47,20,27,13.2,4.4,1.6,3.6,43.8,0.6,1.9,31.9,0.6,0.9,70.7,0.9,1.1,2,0.4,0.4,0.4,0.2,1.3,9,0,0,-1.2
352,Sandro Mamukelashvili,SAS,25,28,12,16,8.6,4.4,1.5,2.9,53.8,0.7,1.7,39.6,0.6,0.9,70.8,0.7,1.9,2.6,0.5,0.4,0.3,0.3,0.7,9.4,0,0,-0.2
353,Patty Mills,UTA,36,17,3,14,15.3,4.4,1.5,4.5,34.2,1,3.4,29.8,0.3,0.3,100,0.2,1.1,1.2,1.2,0.9,0.7,0.2,0.7,9.4,0,0,-0.1
354,Kris Murray,POR,24,39,14,25,14,4.3,1.8,3.8,46.3,0.4,1.5,26.7,0.4,0.8,46.7,1.1,1.2,2.2,0.9,0.6,0.4,0.2,0.9,9.5,0,0,-2.1
355,Reggie Jackson,PHI,34,27,10,17,12.1,4.3,1.6,4.2,38.9,0.8,2.4,34.4,0.2,0.3,85.7,0.2,1.1,1.4,1.5,0.6,0.5,0.1,1.1,9.3,0,0,-0.1
356,Tre Jones,SAS,25,26,12,14,16.1,4.3,1.6,3.3,48.2,0.3,0.9,30.4,0.8,1.1,78.6,0.6,1.6,2.2,3.6,0.7,0.6,0.2,1.2,13.9,0,0,0.3
357,Daniel Theis,NOP,32,38,10,28,16.3,4.3,1.6,3.4,47.3,0.2,1,24.3,0.8,1,83.8,1.2,3.2,4.3,1.6,0.7,0.5,0.5,1.8,14.2,1,0,-1.6
358,Kyle Lowry,PHI,38,28,14,14,19.8,4.3,1.3,3.5,35.7,0.9,2.6,34.2,0.9,1,82.8,0.4,1.6,2,2.8,0.7,1,0.3,1.9,14.2,0,0,-1.6
358,Mouhamed Gueye,ATL,22,4,0,4,13.1,4.3,2,6,33.3,0.3,3,8.3,0,0,0,0.8,2.5,3.3,0.3,0.3,0.5,0.3,0.5,10.5,0,0,0.3
360,Pat Connaughton,MIL,32,25,10,15,15,4.2,1.6,3.9,40.2,0.6,2.2,29.1,0.5,0.6,75,0.6,2.3,2.8,1.8,0.6,0.2,0.3,1.1,11,0,0,0.6
361,Jeff Green,HOU,38,13,8,5,10.5,4.2,1.5,2.8,54.1,0.6,1.8,34.8,0.5,0.7,77.8,0.2,1.2,1.4,0.2,0.2,0.2,0.1,1.1,6.9,0,0,-2.7
361,Paul Reed,DET,25,26,10,16,9.8,4.2,1.6,2.9,56,0.2,0.6,31.3,0.8,1,84,0.6,1.5,2.2,1,0.5,1.1,0.5,1.5,12.6,0,0,1.8
363,Gui Santos,GSW,22,22,11,11,12.5,4.2,1.5,3.1,48.5,0.9,2,43.2,0.3,0.5,58.3,1.1,1.5,2.6,1.2,0.5,0.4,0.1,1.4,10.2,0,0,2.5
364,Pelle Larsson,MIA,23,30,13,17,13,4.1,1.5,3.2,46.3,0.5,1.5,31.1,0.7,1,64.5,0.4,1.1,1.5,1,0.4,0.5,0.1,1.7,8.5,0,0,0.8
365,Aaron Holiday,HOU,28,33,22,11,11.1,4.1,1.4,3.2,42.1,0.8,2.1,39.1,0.5,0.6,89.5,0.2,0.8,1,1.2,0.5,0.4,0.1,0.9,8.1,0,0,2
366,Moussa Diabate,CHA,23,37,9,28,18.2,4.1,1.7,2.8,61.5,0,0,0,0.6,1.1,53.7,2.9,3.6,6.6,0.7,0.9,0.7,0.7,1.6,16.3,2,0,1.4
367,Gary Harris,ORL,30,20,12,8,16.3,4.1,1.5,3.6,40.3,1,2.7,35.2,0.2,0.4,50,0.5,0.8,1.3,0.5,0.5,0.7,0.3,0.7,8.6,0,0,2
368,Jae'Sean Tate,HOU,29,27,23,4,11.1,4,1.5,3,50.6,0.2,0.7,31.6,0.8,1.2,65.6,0.9,1.4,2.3,0.7,0.4,0.6,0.1,1.9,9.5,0,0,2.8
369,Cam Spencer,MEM,24,10,8,2,12.1,4,1.3,3,43.3,0.5,1.6,31.3,0.9,0.9,100,0.5,1.2,1.7,1.6,0.5,0.3,0.1,1.1,9.1,0,0,2.3
369,Josh Richardson,MIA,31,8,4,4,18.7,4,1.4,4.8,28.9,0.8,2.8,27.3,0.5,0.5,100,0.8,0.8,1.5,1.5,1,1,0.1,2.1,10.4,0,0,-3.9
371,Mason Plumlee,PHX,34,45,24,21,17.5,3.9,1.5,2.6,57.3,0,0,0,1,1.5,63.2,1.6,4.6,6.3,1.8,0.9,0.5,0.7,2.2,16.9,1,0,1.2
372,Micah Potter,UTA,26,18,6,12,18.3,3.9,1.4,3.5,39.7,0.9,2.7,34.7,0.2,0.2,100,1.1,2.9,4.1,0.8,0.7,0.3,0.5,1.2,11.7,0,0,-1.6
372,Richaun Holmes,WAS,31,9,0,9,9.5,3.9,1.6,2.8,56,0,0.1,0,0.8,1,77.8,1.2,2.1,3.3,0.4,0.4,0,0.4,0.9,9.4,0,0,1.7
374,Cody Williams,UTA,20,26,5,21,21,3.9,1.4,4.6,30,0.6,2.4,23.8,0.5,0.8,63.6,0.5,1.7,2.2,1.3,0.8,0.5,0.4,1.9,10.3,0,0,-8.2
375,Jamal Cain,NOP,25,18,3,15,12.8,3.8,1.4,3.2,43.9,0.5,1.7,30,0.6,0.9,62.5,0.9,1.7,2.6,0.6,0.4,0.5,0.4,1.2,10,0,0,-4.8
376,Andre Jackson Jr.,MIL,23,43,25,18,17.5,3.8,1.5,3.3,46.8,0.5,1.4,37.7,0.2,0.3,60,1.1,2.1,3.3,1.5,1.1,0.6,0.3,2.2,11.5,0,0,0
377,Dario Šarić,DEN,30,13,5,8,14.7,3.8,1.4,4.2,33.3,0.5,1.8,25,0.5,0.8,70,1,2.6,3.6,1.7,1.1,0.5,0.1,1.4,11.4,1,0,-3.2
378,Jeff Dowtin Jr.,PHI,27,22,5,17,11.2,3.7,1.5,3.6,40.5,0.3,1,27.3,0.5,0.8,70.6,0.1,1.1,1.2,1.5,0.1,0.4,0.2,0.6,9,0,0,-3.2
379,Dalen Terry,CHI,22,45,17,28,12.8,3.7,1.3,3,44.4,0.4,1.1,36,0.6,0.9,70,0.6,1,1.5,1.2,0.8,0.5,0.2,1.6,8.6,0,0,-3
380,Doug McDermott,SAC,33,29,15,14,8.5,3.7,1.2,2.9,42.9,1.1,2.4,43.7,0.1,0.2,60,0.1,0.5,0.6,0.1,0.2,0.1,0,0.9,4.9,0,0,0.7
381,Oso Ighodaro,PHX,22,37,17,20,15.7,3.6,1.6,2.8,55.8,0,0.1,0,0.5,0.9,54.3,0.9,2.5,3.4,1,0.6,0.5,0.4,1.6,11.1,0,0,0
382,Devin Carter,SAC,22,12,8,4,10,3.6,1.2,3.8,31.1,0.5,1.9,26.1,0.8,1,75,0.4,2,2.4,1.3,0.5,0.1,0.3,1.1,8.9,0,0,-0.7
383,Elijah Harkless,UTA,24,9,1,8,15,3.6,1.2,3.9,31.4,0.8,2.8,28,0.3,0.7,50,1,1.3,2.3,0.9,0.3,1.1,0.1,1.9,11,0,0,2.9
384,JT Thor,CLE,22,8,7,1,4.8,3.5,1.1,1.8,64.3,0.4,0.6,60,0.9,1,87.5,0.4,0.4,0.8,0.1,0.8,0.3,0.4,0.8,5.7,0,0,-3.9
385,Jevon Carter,CHI,29,21,6,15,6.3,3.5,1.2,2.8,43.1,0.8,2,41.5,0.3,0.4,75,0.1,0.7,0.8,0.7,0.3,0.2,0,0.3,6,0,0,1.9
386,DeAndre Jordan,DEN,36,34,22,12,11.7,3.5,1.6,2.4,64.6,0,0,0,0.4,0.9,41.4,1.3,3.2,4.5,0.8,0.7,0.3,0.5,1.3,11.7,0,0,-1
387,Isaac Jones,SAC,24,22,10,12,8,3.5,1.5,2.2,65.3,0,0.2,25,0.5,0.9,55,0.5,1,1.4,0.2,0.5,0.1,0.4,1,6.3,0,0,-2.1
388,Ousmane Dieng,OKC,21,25,20,5,10.4,3.4,1.2,3.3,37.3,0.5,1.9,27.1,0.4,0.6,68.8,0.4,1.8,2.2,0.7,0.2,0.5,0.2,0.9,9.1,0,0,0.8
389,Bruno Fernando,TOR,26,17,2,15,8.6,3.4,1.5,2.9,53.1,0,0,0,0.4,0.5,75,1.2,1.8,3,1.1,0.8,0.2,0.5,1.6,10.1,0,0,-1.3
390,Olivier-Maxence Prosper,DAL,22,37,21,16,9.1,3.4,1.2,2.7,43,0.2,0.9,27.3,0.8,1.4,59.6,0.8,1.4,2.2,0.6,0.3,0.4,0.1,0.5,8,0,0,-1
391,Cam Reddish,LAL,25,31,15,16,18.1,3.3,1.2,2.8,43,0.4,1.5,28.9,0.5,0.8,61.5,0.5,1.5,2,0.7,0.4,1,0.3,1.4,10.4,0,0,-2
392,Wendell Moore Jr.,DET,23,19,6,13,11.4,3.3,1.2,2.6,46,0.2,0.7,28.6,0.7,0.7,92.9,0.6,1.7,2.3,1.2,0.5,0.5,0.2,0.8,9.5,0,0,1
393,Nicolas Batum,LAC,36,46,27,19,17.4,3.3,1.1,2.8,38.5,0.9,2.3,37.4,0.2,0.3,78.6,0.7,2.2,2.8,1.3,0.5,0.7,0.4,1.6,11.4,0,0,1.3
394,Moses Brown,IND,25,9,3,6,5.1,3.2,1.4,2.2,65,0,0,0,0.3,0.6,60,0.4,1,1.4,0,0.7,0.2,0.1,0.7,5.3,0,0,-1.2
395,Reed Sheppard,HOU,20,32,22,10,11.3,3.2,1.2,3.9,31.5,0.6,2.3,27.4,0.2,0.2,83.3,0.3,0.9,1.3,1.2,0.6,0.5,0.3,0.9,8.4,0,0,-0.8
396,Jabari Walker,POR,22,34,11,23,10.3,3.2,1.3,3,44.6,0.1,0.9,16.1,0.4,0.7,58.3,0.9,2,2.9,0.5,0.5,0.6,0.1,1.2,8.9,0,0,-1
397,Bol Bol,PHX,25,11,2,9,6,3.2,1.2,2.2,54.2,0.3,1,27.3,0.5,0.9,60,0.5,1.2,1.6,0.1,0.5,0,0.2,0.2,5.4,0,0,0.5
398,Steven Adams,HOU,31,31,22,9,11.4,3.2,1.2,2,60.3,0,0,0,0.7,1.7,41.5,2.4,2.4,4.8,1.1,1,0.3,0.4,1,11.6,0,0,1.7
399,Blake Wesley,SAS,21,29,14,15,9.6,3.1,1.2,2.8,45,0.1,0.7,19,0.5,0.7,71.4,0.2,0.6,0.8,1.9,0.9,0.3,0.1,0.5,7.3,0,0,0.5
400,Damion Lee,PHX,32,10,2,8,6,3.1,0.9,2.9,31,0.3,1.5,20,1,1,100,0.1,0.8,0.9,0.7,0.5,0.2,0,0.2,5.3,0,0,0.6
401,Jock Landale,HOU,29,22,15,7,9.5,3.1,1.2,2.8,42.6,0.1,0.3,42.9,0.6,1,59.1,1.2,1.6,2.8,0.8,0.5,0.2,0.4,0.8,8.8,0,0,-0.8
402,Branden Carlson,OKC,25,15,13,2,6.4,3.1,1.1,2.3,45.7,0.8,1.9,42.9,0.1,0.1,100,0.3,1.3,1.7,0.4,0.1,0.1,0.4,0.7,7.1,0,0,2.8
403,Landry Shamet,NYK,27,17,12,5,10.8,3.1,1.2,2.9,42.9,0.5,1.7,31,0.1,0.2,25,0.2,0.6,0.8,0.5,0.4,0.4,0.1,0.7,5.9,0,0,2.4
404,Maxi Kleber,DAL,33,34,18,16,18.7,3,1.1,2.8,38.5,0.4,1.4,26.5,0.5,0.6,76.2,0.7,2.1,2.8,1.3,0.7,0.3,0.5,1.9,9.9,0,0,-0.5
405,David Duke Jr.,SAS,25,1,0,1,8.2,3,1,4,25,0,1,0,1,2,50,0,0,0,2,0,0,0,1,6,0,0,0
405,Jarred Vanderbilt,LAL,25,2,2,0,12.8,3,1.5,3.5,42.9,0,1,0,0,0,0,1.5,1.5,3,1.5,0.5,2.5,0,2,15.9,0,0,4.5
405,Kobe Brown,LAC,25,17,8,9,8.5,3,1.3,2.6,48.9,0.2,0.9,26.7,0.2,0.2,75,0.8,1.8,2.5,0.7,0.3,0.2,0.1,0.8,7.7,0,0,-1
405,Taze Moore,POR,26,2,0,2,9.9,3,1,5,20,0.5,2,25,0.5,1,50,2,2,4,0.5,1,1,0,0,10.6,0,0,-3.5
409,Luka Garza,MIN,26,15,12,3,4.3,2.9,1.2,2.1,56.3,0.2,0.7,30,0.3,0.5,62.5,0.4,0.7,1.1,0.1,0.3,0.1,0,0.6,4.2,0,0,0.8
410,Caleb Houstan,ORL,22,33,14,19,12.3,2.9,0.9,2.9,31.3,0.8,2.5,31,0.3,0.3,100,0.4,0.6,1,0.5,0.2,0.2,0.1,1.1,5.5,0,0,-2.4
411,Adem Bona,PHI,21,31,9,22,10.8,2.9,1,1.5,68.1,0,0,0,0.8,1.3,62.5,1,1.9,2.9,0.3,0.7,0.2,0.7,1.9,8.8,0,0,-1.1
412,Jae Crowder,SAC,34,7,2,5,13.1,2.9,0.9,2.4,35.3,0.4,1.7,25,0.7,0.9,83.3,0.9,1.6,2.4,0.6,0.6,0.4,0,1.4,7.3,0,0,-2
413,Orlando Robinson,TOR,24,13,9,4,8.6,2.8,1,2.6,38.2,0.1,0.6,12.5,0.8,1.1,71.4,0.6,1.5,2.1,0.8,0.7,0.3,0.2,1.2,7.4,0,0,-0.5
414,John Konchar,MEM,28,25,18,7,14.2,2.8,1,2.6,40.6,0.6,1.8,31.1,0.2,0.2,83.3,1,3,4,1,0.4,0.6,0.4,1,11.8,0,0,-0.4
415,A.J. Lawson,TOR,24,4,1,3,3.8,2.8,1,2,50,0.5,1.3,40,0.3,0.8,33.3,0.3,0.5,0.8,0,0,0,0,0,3.7,0,0,-2.5
416,Drew Peterson,BOS,25,13,10,3,9,2.7,0.8,1.8,45.8,0.5,1.4,38.9,0.5,0.5,85.7,0.4,1.6,2,0.6,0.4,0.2,0.2,0.9,6.6,0,0,2.8
417,Josh Minott,MIN,22,29,18,11,7.1,2.7,1.1,2.2,47.7,0.2,1,25,0.3,0.4,81.8,0.2,0.9,1.1,0.4,0.2,0.4,0.3,0.9,6.6,0,0,-0.4
418,Jalen Pickett,DEN,25,18,12,6,7.6,2.7,1.1,2.1,50,0.5,1.2,42.9,0.1,0.1,100,0.2,0.7,0.8,1.6,0.4,0.1,0.1,0.6,6.1,0,0,1.7
418,Nate Williams,HOU,25,6,6,0,3.5,2.7,1.2,1.5,77.8,0.3,0.7,50,0,0,0,0,0.5,0.5,0.2,0.2,0.3,0.2,0.2,4.9,0,0,1.5
420,Rayan Rupert,POR,20,32,11,21,8.3,2.6,1,2.3,41.3,0.3,1.1,29.4,0.4,0.5,75,0.6,0.6,1.2,0.5,0.5,0.3,0.1,0.6,5.3,0,0,-2.2
421,Craig Porter Jr.,CLE,24,28,22,6,8.1,2.6,1,1.8,58,0.3,0.5,53.3,0.2,0.3,75,0.1,0.8,0.9,1,0.5,0.2,0.4,0.4,6.4,0,0,0
422,Brandon Williams,DAL,25,16,8,8,6.4,2.6,0.9,2.3,38.9,0.2,0.8,25,0.6,0.8,76.9,0.1,0.6,0.8,1.1,0.6,0.1,0,0.4,5,0,0,-0.4
423,Delon Wright,MIL,32,25,14,11,15.3,2.6,0.9,3.1,28.2,0.5,1.8,26.1,0.3,0.6,57.1,0.6,1.1,1.7,1.8,0.6,0.8,0.3,0.7,10.2,0,0,0.4
424,E.J. Liddell,CHI,24,6,2,4,5.1,2.5,0.8,1.3,62.5,0.5,1,50,0.3,0.3,100,0.2,0.7,0.8,0.5,0.3,0.2,0.2,1.3,4.9,0,0,1.3
425,Johnny Davis,WAS,22,32,3,29,7.2,2.4,1,2.4,42.1,0.2,0.9,25,0.2,0.4,53.8,0.3,0.8,1.1,0.3,0.2,0.4,0.2,0.6,6,0,0,-0.5
426,Pat Spencer,GSW,28,18,8,10,6.8,2.4,0.9,2.5,37.8,0.1,0.6,20,0.4,0.6,70,0.5,0.8,1.3,1.5,0.6,0.4,0.1,0.4,7.3,0,0,-1
427,Jaylon Tyson,CLE,22,29,22,7,8.5,2.4,0.9,2.2,40,0.3,1,31,0.3,0.4,66.7,0.7,1.3,1.9,0.8,0.4,0.2,0,1,6.4,1,0,0.1
428,Reece Beekman,BKN,23,18,6,12,10.1,2.3,0.9,2.4,38.6,0.2,0.9,25,0.2,0.4,57.1,0.3,0.4,0.7,1.4,0.4,0.6,0.1,0.5,6.8,0,0,-1.5
429,Taj Gibson,CHA,39,19,6,13,10.5,2.3,0.9,2.2,43.9,0.1,0.1,50,0.4,0.6,58.3,1.4,1.8,3.2,0.6,0.6,0.3,0.4,1.5,8.6,0,0,-3.9
430,Tyler Smith,MIL,20,13,7,6,3.3,2.3,0.9,1.4,66.7,0.4,0.8,50,0.1,0.2,50,0.2,0.8,0.9,0.1,0.2,0,0.2,0.4,4,0,0,1.5
431,Duop Reath,POR,28,22,7,15,5.6,2.3,0.8,2,38.6,0.5,1.5,31.3,0.3,0.4,75,0.4,0.5,0.9,0.3,0.2,0,0.1,0.7,3.9,0,0,-2
432,Chris Duarte,CHI,27,16,4,12,4.6,2.3,0.8,1.6,48,0.4,0.9,42.9,0.4,0.5,75,0.3,0.9,1.3,0.5,0.1,0,0,0.4,4.4,0,0,0.5
432,Lester Quinones,PHI,24,4,1,3,4.2,2.3,1,2,50,0,0.8,0,0.3,0.3,100,0.8,0.3,1,0.3,1,0,0,0,2.8,0,0,-1
432,Vlatko Čančar,DEN,27,4,1,3,8.6,2.3,1,1.8,57.1,0.3,0.5,50,0,0,0,0.8,1.3,2,0,0.5,0,0.3,1,4.9,0,0,-0.5
435,Kai Jones,LAC,24,27,14,13,7.6,2.2,0.9,1.3,71.4,0,0.1,0,0.3,0.4,75,0.6,1.1,1.7,0.4,0.4,0.2,0.5,0.9,6.5,0,0,-0.2
436,Trey Jemison III,LAL,25,18,3,15,10.2,2.2,0.8,1.8,46.9,0,0,0,0.5,1.3,39.1,1.3,1.5,2.8,0.6,0.6,0.4,0.4,1.7,8.2,0,0,-1.1
437,Pete Nance,PHI,24,7,3,4,9.8,2.1,0.7,2.1,33.3,0.6,1.7,33.3,0.1,0.3,50,0.3,1.1,1.4,0.4,0,0.1,0,1.4,4.9,0,0,-1.7
438,Dillon Jones,OKC,23,28,23,5,8.6,2.1,0.8,2.3,33.8,0.3,1.3,18.9,0.3,0.5,57.1,0.6,1.2,1.9,0.8,0.4,0.2,0.1,1,6,0,0,0
439,Patrick Baldwin Jr.,WAS,22,21,1,20,4.5,2.1,0.8,1.5,51.6,0.5,0.9,52.6,0.1,0.2,50,0.2,0.7,1,0.1,0.2,0.1,0.1,0.2,3.9,0,0,1.5
440,Hunter Tyson,DEN,24,33,20,13,7.5,2.1,0.7,1.8,37.3,0.3,1.1,30.6,0.4,0.6,73.7,0.3,1.2,1.5,0.4,0.3,0.2,0.1,0.9,5,0,0,-1.5
441,Christian Koloko,LAL,24,25,16,9,9,2,0.9,1.5,60.5,0,0.1,0,0.2,0.2,83.3,1,1.2,2.2,0.4,0.3,0.3,0.3,1.2,6.9,0,0,-0.5
442,Adama Sanogo,CHI,22,4,2,2,5.4,2,1,1.8,57.1,0,0,0,0,0,0,1.3,0.3,1.5,0.3,0.3,0,0,0.3,3.9,0,0,-1.3
442,Alex Reese,OKC,25,1,1,0,1.9,2,1,1,100,0,0,0,0,0,0,1,0,1,0,0,0,0,0,3.2,0,0,3
442,Cory Joseph,ORL,33,29,12,17,7.6,2,0.7,2,35.6,0.5,1.4,35,0.1,0.1,50,0.2,0.6,0.8,0.8,0.4,0.4,0.1,0.6,5.3,0,0,-0.8
442,Jalen Hood-Schifino,LAL,21,2,2,0,7.1,2,0.5,0.5,100,0,0,0,1,1,100,0.5,0,0.5,0.5,0.5,0,0.5,1.5,4.4,0,0,4
442,Johnny Furphy,IND,20,31,17,14,7.4,2,0.7,1.8,38.2,0.4,1,34.4,0.3,0.3,100,0.4,0.6,1.1,0.3,0.3,0.3,0.2,0.7,4.9,0,0,-0.8
442,MarJon Beauchamp,MIL,24,23,13,10,4.3,2,0.7,1.7,41,0.3,0.8,31.6,0.3,0.4,80,0.2,0.9,1,0.2,0.5,0.1,0,0.3,3.4,0,0,0.7
442,TyTy Washington Jr.,PHX,23,4,0,4,6.9,2,0.8,1.5,50,0.5,0.8,66.7,0,0,0,0,0.3,0.3,1,0.3,0.5,0,0,5.1,0,0,-0.3
449,Tyler Kolek,NYK,23,27,18,9,5.3,2,0.7,1.7,38.3,0.4,1,39.3,0.2,0.2,100,0.1,0.5,0.6,0.8,0.3,0.3,0,0.4,4.4,0,0,-0.3
450,Anthony Gill,WAS,32,33,3,30,5.9,1.9,0.6,1.3,50,0.2,0.4,35.7,0.5,0.8,60.7,0.2,0.7,0.8,0.2,0.2,0.2,0,0.5,3.7,0,0,-0.7
451,Jordan McLaughlin,SAC,28,27,14,13,6.8,1.9,0.6,1.6,38.1,0.4,0.9,40,0.4,0.5,71.4,0.1,0.6,0.8,0.9,0.4,0.4,0,0.5,4.9,0,0,0.2
452,Jaden Springer,BOS,22,24,17,7,5.6,1.9,0.5,1.3,37.5,0.3,0.7,35.3,0.6,0.9,71.4,0.2,0.8,1,0.4,0.2,0.5,0,0.7,5.2,0,0,0.6
452,Tristan Vukcevic,WAS,21,8,1,7,3.7,1.9,0.8,1.9,40,0.1,1,12.5,0.3,0.4,66.7,0.3,0.4,0.6,0.4,0.1,0,0.1,0.4,3.4,0,0,-1.6
454,Tristan Thompson,CLE,33,23,18,5,7.8,1.9,0.8,1.8,46.3,0,0.1,0,0.2,0.9,25,0.7,2,2.7,0.6,0.4,0,0.3,0.9,6.7,0,0,-1.1
455,Dominick Barlow,ATL,21,10,2,8,5.9,1.8,0.6,1.6,37.5,0.2,0.5,40,0.4,0.6,66.7,0.1,0.8,0.9,0.3,0,0.3,0,0.5,4.2,0,0,0.3
456,Enrique Freeman,IND,24,18,5,13,7.5,1.8,0.7,1.4,48,0.1,0.3,16.7,0.4,0.7,53.8,0.3,0.7,1,0.4,0.3,0.1,0.1,0.9,4,0,0,-2.7
456,Jericho Sims,NYK,26,36,23,13,11.7,1.8,0.8,1.3,60.9,0,0,0,0.2,0.4,61.5,1.4,2.2,3.6,0.6,0.6,0.2,0.3,1.3,7.9,0,0,0.7
458,Markieff Morris,DAL,35,7,5,2,5.8,1.7,0.7,3.1,22.7,0.3,1.9,15.4,0,0,0,0,1.1,1.1,0.6,0.3,0.1,0.1,0.3,4.5,0,0,-1.4
459,Collin Gillespie,PHX,25,3,2,1,2.3,1.7,0.7,1,66.7,0.3,0.3,100,0,0,0,0.3,0,0.3,0,0,0,0,0.3,2.1,0,0,-1
460,Ariel Hukporti,NYK,22,16,11,5,7.5,1.6,0.6,1,62.5,0,0,0,0.4,0.6,60,0.3,1.4,1.8,0.4,0.7,0,0.7,0.9,5.7,0,0,-2.5
461,Keshad Johnson,MIA,23,10,5,5,5.7,1.6,0.7,1.2,58.3,0.1,0.4,25,0.1,0.6,16.7,0.2,1.5,1.7,0.3,0.3,0.1,0.4,0.5,5.3,0,0,0.1
462,Jordan Walsh,BOS,20,34,25,9,7.8,1.6,0.6,1.6,35.2,0.3,1.1,28.9,0.1,0.3,50,0.4,0.7,1.1,0.3,0.2,0.2,0.2,0.5,4.5,0,0,1.4
463,Matt Ryan,NYK,27,16,13,3,3.7,1.6,0.6,1.6,34.6,0.3,1,31.3,0.1,0.1,100,0,0.4,0.4,0.1,0.2,0.1,0,0.1,2.4,0,0,-1.9
464,Armel Traore,LAL,22,8,4,4,7.7,1.5,0.6,2.3,27.8,0,0.9,0,0.3,0.9,28.6,0.1,1.6,1.8,0.1,0.3,0.5,0.3,0.8,5.8,0,0,-6
464,Jazian Gortman,DAL,21,16,8,8,3.5,1.5,0.6,1.4,39.1,0.3,0.7,36.4,0.1,0.3,50,0.1,0.3,0.3,0.4,0.3,0.1,0.1,0.6,2.7,0,0,0.7
464,Quincy Olivari,LAL,23,2,1,1,5.2,1.5,0.5,2.5,20,0.5,2.5,20,0,0,0,0,0,0,0.5,0.5,0,0,0,1.8,0,0,-9
464,Terrence Shannon Jr.,MIN,24,10,7,3,4.5,1.5,0.7,1.3,53.8,0.1,0.3,33.3,0,0,0,0,0.2,0.2,0.5,0.3,0.2,0.1,0.1,3.1,0,0,0.5
468,Alex Len,SAC,31,35,19,16,7.3,1.5,0.6,1.2,53.7,0,0.2,16.7,0.2,0.4,53.8,0.7,1.1,1.8,0.9,0.3,0.2,0.5,1,6.9,0,0,-2.6
469,Dwight Powell,DAL,33,33,18,15,7.6,1.5,0.4,0.5,77.8,0,0,100,0.6,0.9,66.7,0.7,1.1,1.8,0.7,0.2,0.4,0.5,1.2,6.9,0,0,1
470,Pacôme Dadiet,NYK,19,13,10,3,6.4,1.5,0.5,1.5,30,0.4,1.1,35.7,0.2,0.2,100,0,1,1,0.4,0.1,0.1,0.2,0.4,3.9,0,0,-0.1
471,Yuki Kawamura,MEM,23,17,14,3,3.3,1.4,0.5,1.2,38.1,0.2,0.9,26.7,0.2,0.4,66.7,0,0.4,0.4,0.7,0.2,0.1,0,0.4,2.8,0,0,-0.1
472,Colin Castleton,MEM,24,10,9,1,4.6,1.4,0.2,1,20,0,0.4,0,1,1.1,90.9,0.3,0.6,0.9,0,0.1,0.1,0.1,0.6,3,0,0,0.5
473,Sidy Cissoko,SAS,20,16,7,9,3.2,1.4,0.6,1.1,50,0.2,0.4,42.9,0.1,0.4,16.7,0.2,0.4,0.6,0.4,0.1,0.1,0,0.4,2.8,0,0,-0.2
474,Alex Ducas,OKC,24,9,9,0,3.5,1.3,0.4,1,44.4,0.4,0.9,50,0,0,0,0.1,0.2,0.3,0.1,0.1,0.1,0,0.3,2.1,0,0,-1.6
474,Bryce McGowens,POR,22,6,2,4,2.3,1.3,0.5,0.8,60,0,0.3,0,0.3,0.5,66.7,0.2,0,0.2,0.2,0.3,0,0,0.2,1.5,0,0,1.2
474,Jack McVeigh,HOU,28,6,5,1,3.6,1.3,0.5,1.8,27.3,0.3,1.3,25,0,0,0,0.2,0.5,0.7,0.2,0.2,0,0.2,0.2,2.7,0,0,0.3
474,Luke Travers,CLE,23,6,5,1,6.9,1.3,0.5,1.2,42.9,0,0.5,0,0.3,0.3,100,0.2,0.8,1,0.8,0.3,0.2,0.2,0.5,4.5,0,0,1
478,Zeke Nnaji,DEN,24,27,18,9,4.5,1.2,0.6,1.3,44.1,0,0.4,0,0.1,0.3,42.9,0.1,0.4,0.5,0.1,0.1,0,0.1,0.3,2.3,0,0,-3.2
479,Cam Christie,LAC,19,5,2,3,5.7,1.2,0.4,1.8,22.2,0.2,1.2,16.7,0.2,0.4,50,0.2,1,1.2,0.4,0.4,0.4,0,0.4,4,0,0,1.4
479,JD Davison,BOS,22,5,5,0,4.7,1.2,0.4,1,40,0.2,0.6,33.3,0.2,0.4,50,0,0.4,0.4,0.2,1.2,0.2,0,0.2,1.4,0,0,-6
481,AJ Johnson,MIL,20,6,4,2,2.4,1.2,0.5,1.2,42.9,0.2,0.2,100,0,0,0,0,0.5,0.5,0.5,0.3,0,0,0,2.2,0,0,2.2
482,Colby Jones,SAC,22,23,10,13,5.3,1.1,0.5,1.1,44,0.2,0.4,44.4,0,0,0,0.3,0.6,0.9,0.2,0.3,0.2,0.3,0.6,3.6,0,0,-0.3
483,PJ Hall,DEN,22,10,7,3,2.8,1.1,0.4,0.8,50,0,0.3,0,0.3,0.4,75,0.2,0.8,1,0.2,0.1,0,0.1,0.3,2.8,0,0,0.3
484,Adam Flagler,OKC,25,15,13,2,3.8,1,0.3,2.1,16.1,0.3,1.9,17.9,0,0,0,0.2,0.3,0.5,0,0.1,0.1,0.1,0.4,2.2,0,0,0.1
484,Baylor Scheierman,BOS,24,9,8,1,6,1,0.3,1.9,17.6,0.1,1.3,8.3,0.2,0.2,100,0.2,1.2,1.4,0.4,0,0.2,0,0.7,4.1,0,0,-1.2
484,Jared Rhoden,CHA,25,4,1,3,2.9,1,0.5,2,25,0,0.5,0,0,0,0,0.5,0.5,1,0.5,0.3,0.3,0,0.3,3.5,0,0,2
484,Jaylen Martin,BKN,21,3,2,1,1.6,1,0.3,0.7,50,0.3,0.3,100,0,0,0,0,0,0,0,0,0,0,0.3,1,0,0,0.3
484,Karlo Matkovic,NOP,23,10,3,7,7.3,1,0.5,1.2,41.7,0,0.2,0,0,0,0,0.8,1.2,2,0.3,0.7,0.5,0.7,1.2,6.8,0,0,0.3
484,Kessler Edwards,DAL,24,18,10,8,6.9,1,0.4,1.1,35,0.1,0.6,18.2,0.1,0.1,100,0.2,1.1,1.3,0.4,0.1,0.2,0.2,0.7,4.3,0,0,-2.3
484,Kylor Kelley,DAL,27,1,1,0,7.6,1,0,0,0,0,0,0,1,2,50,1,3,4,0,0,0,0,2,5.8,0,0,-3
491,Xavier Tillman,BOS,26,26,21,5,7.3,1,0.4,1.5,25,0.2,0.8,18.2,0,0.1,50,0.3,1.1,1.4,0.3,0.3,0.3,0.2,0.5,4.2,0,0,0.6
492,James Johnson,IND,37,9,4,5,3.1,0.9,0.4,0.9,50,0,0.2,0,0,0.1,0,0,0.4,0.4,0.3,0.4,0,0.2,0.4,2.1,0,0,-0.1
493,Maxwell Lewis,BKN,22,8,4,4,3.8,0.9,0.4,0.9,42.9,0.1,0.1,100,0,0,0,0.3,0,0.3,0.3,0.3,0.1,0,0.1,1.7,0,0,-3.3
494,Trey Alexander,DEN,21,14,8,6,4.5,0.9,0.3,1.3,22.2,0.1,0.6,22.2,0.1,0.1,100,0,0.3,0.3,0.4,0.1,0.1,0.1,0.4,2.2,0,0,-0.1
495,RayJ Dennis,IND,23,6,4,2,1.9,0.8,0.2,0.5,33.3,0.2,0.5,33.3,0.3,0.3,100,0.2,0.3,0.5,0.2,0.3,0.3,0,0.2,2.4,0,0,0.2
495,Ulrich Chomche,TOR,19,6,2,4,3.4,0.8,0.3,0.5,66.7,0,0,0,0.2,0.3,50,0.5,0.5,1,0.3,0.3,0,0,0.7,2.2,0,0,-2
497,Jaylen Clark,MIN,23,5,5,0,4,0.8,0.2,1.2,16.7,0,0.2,0,0.4,0.4,100,0.4,0.4,0.8,0.2,0,0,0,0.4,2.1,0,0,0.8
498,PJ Dozier,MIN,28,9,7,2,3.9,0.8,0.2,0.3,66.7,0.2,0.3,66.7,0.1,0.7,16.7,0.1,0.4,0.6,0.6,0.1,0.1,0,0.3,2.5,0,0,-0.4
499,D.J. Carton,TOR,24,4,1,3,8.3,0.8,0.3,1.8,14.3,0,0.8,0,0.3,0.3,100,0,1,1,0.8,1,0.5,0,0.3,3.6,0,0,3
499,Josh Christopher,MIA,23,8,4,4,3.4,0.8,0.3,0.9,28.6,0,0.1,0,0.3,0.5,50,0,0.4,0.4,0.5,0.5,0,0.1,0.1,1.8,0,0,-1
